{"msg_id":"error_code","data":{"code":["16000000","12000000","12000000","13000000"],"timestamp":1747102430.8254693}}
{"msg_id":"joint_position","data":{"pos":[[0.0,0.0,0.0],[0.16399584486377827,-0.6537878210724237,0.4897999916300044,0.0],[-0.911583067661251,-0.6412146006530086,-0.769219360980188,0.8247528687673668,-0.442559965918958,-0.04020389196127495,-0.4866013577649416],[0.009109898438120838],[0.20824745372806946,-0.6251332484475141,0.6850344053224611,1.391492073854848,0.2767450978364187,0.07918803560007703,0.0010275630903356899],[0.0],[0.0,0.0]]}}
{"msg_id":"error_code","data":{"code":["16000000","12000000","12000000","13000000"],"timestamp":1747102430.926489}}
{"msg_id":"joint_position","data":{"pos":[[0.0,0.0,0.0],[0.16399584486377827,-0.6537878210724237,0.4897999916300044,0.0],[-0.911583067661251,-0.6412146006530086,-0.769219360980188,0.8247528687673668,-0.442559965918958,-0.04020389196127495,-0.4866013577649416],[0.009109898438120838],[0.20824745372806946,-0.6251332484475141,0.6850344053224611,1.391492073854848,0.2767450978364187,0.07918803560007703,0.0010275630903356899],[0.0],[0.0,0.0]]}}
{"msg_id":"error_code","data":{"code":["16000000","12000000","12000000","13000000"],"timestamp":1747102431.0269716}}
{"msg_id":"joint_position","data":{"pos":[[0.0,0.0,0.0],[0.16399584486377827,-0.6537878210724237,0.4897999916300044,0.0],[-0.911583067661251,-0.6412146006530086,-0.769219360980188,0.8247528687673668,-0.442559965918958,-0.04020389196127495,-0.4866013577649416],[0.009109898438120838],[0.20824745372806946,-0.6251332484475141,0.6850344053224611,1.391492073854848,0.2767450978364187,0.07918803560007703,0.0010275630903356899],[0.0],[0.0,0.0]]}}
{"msg_id":"error_code","data":{"code":["16000000","12000000","12000000","13000000"],"timestamp":1747102431.127469}}
{"msg_id":"joint_position","data":{"pos":[[0.0,0.0,0.0],[0.16399584486377827,-0.6537878210724237,0.4897999916300044,0.0],[-0.911583067661251,-0.6412146006530086,-0.769219360980188,0.8247528687673668,-0.442559965918958,-0.04020389196127495,-0.4866013577649416],[0.009109898438120838],[0.20824745372806946,-0.6251332484475141,0.6850344053224611,1.391492073854848,0.2767450978364187,0.07918803560007703,0.0010275630903356899],[0.0],[0.0,0.0]]}}
{"msg_id":"error_code","data":{"code":["16000000","12000000","12000000","13000000"],"timestamp":1747102431.227868}}
{"msg_id":"joint_position","data":{"pos":[[0.0,0.0,0.0],[0.16399584486377827,-0.6537878210724237,0.4897999916300044,0.0],[-0.911583067661251,-0.6412146006530086,-0.769219360980188,0.8247528687673668,-0.442559965918958,-0.04020389196127495,-0.4866013577649416],[0.009109898438120838],[0.20824745372806946,-0.6251332484475141,0.6850344053224611,1.391492073854848,0.2767450978364187,0.07918803560007703,0.0010275630903356899],[0.0],[0.0,0.0]]}}
{"msg_id":"error_code","data":{"code":["16000000","12000000","12000000","13000000"],"timestamp":1747102431.3284726}}
{"msg_id":"joint_position","data":{"pos":[[0.0,0.0,0.0],[0.16399584486377827,-0.6537878210724237,0.4897999916300044,0.0],[-0.911583067661251,-0.6412146006530086,-0.769219360980188,0.8247528687673668,-0.442559965918958,-0.04020389196127495,-0.4866013577649416],[0.009109898438120838],[0.20824745372806946,-0.6251332484475141,0.6850344053224611,1.391492073854848,0.2767450978364187,0.07918803560007703,0.0010275630903356899],[0.0],[0.0,0.0]]}}
{"msg_id":"error_code","data":{"code":["16000000","12000000","12000000","13000000"],"timestamp":1747102431.4289622}}
{"msg_id":"joint_position","data":{"pos":[[0.0,0.0,0.0],[0.16399584486377827,-0.6537878210724237,0.4897999916300044,0.0],[-0.911583067661251,-0.6412146006530086,-0.769219360980188,0.8247528687673668,-0.442559965918958,-0.04020389196127495,-0.4866013577649416],[0.009109898438120838],[0.20824745372806946,-0.6251332484475141,0.6850344053224611,1.391492073854848,0.2767450978364187,0.07918803560007703,0.0010275630903356899],[0.0],[0.0,0.0]]}}
{"msg_id":"error_code","data":{"code":["16000000","12000000","12000000","13000000"],"timestamp":1747102431.5295944}}
{"msg_id":"joint_position","data":{"pos":[[0.0,0.0,0.0],[0.16399584486377827,-0.6537878210724237,0.4897999916300044,0.0],[-0.911583067661251,-0.6412146006530086,-0.769219360980188,0.8247528687673668,-0.442559965918958,-0.04020389196127495,-0.4866013577649416],[0.009109898438120838],[0.20824745372806946,-0.6251332484475141,0.6850344053224611,1.391492073854848,0.2767450978364187,0.07918803560007703,0.0010275630903356899],[0.0],[0.0,0.0]]}}
{"msg_id":"error_code","data":{"code":["16000000","12000000","12000000","13000000"],"timestamp":1747102431.6301215}}
{"msg_id":"joint_position","data":{"pos":[[0.0,0.0,0.0],[0.16399584486377827,-0.6537878210724237,0.4897999916300044,0.0],[-0.911583067661251,-0.6412146006530086,-0.769219360980188,0.8247528687673668,-0.442559965918958,-0.04020389196127495,-0.4866013577649416],[0.009109898438120838],[0.20824745372806946,-0.6251332484475141,0.6850344053224611,1.391492073854848,0.2767450978364187,0.07918803560007703,0.0010275630903356899],[0.0],[0.0,0.0]]}}
{"msg_id":"error_code","data":{"code":["16000000","12000000","12000000","13000000"],"timestamp":1747102431.7306032}}
{"msg_id":"joint_position","data":{"pos":[[0.0,0.0,0.0],[0.16399584486377827,-0.6537878210724237,0.4897999916300044,0.0],[-0.911583067661251,-0.6412146006530086,-0.769219360980188,0.8247528687673668,-0.442559965918958,-0.04020389196127495,-0.4866013577649416],[0.009109898438120838],[0.20824745372806946,-0.6251332484475141,0.6850344053224611,1.391492073854848,0.2767450978364187,0.07918803560007703,0.0010275630903356899],[0.0],[0.0,0.0]]}}
{"msg_id":"error_code","data":{"code":["16000000","12000000","12000000","13000000"],"timestamp":1747102431.8305962}}
{"msg_id":"joint_position","data":{"pos":[[0.0,0.0,0.0],[0.16399584486377827,-0.6537878210724237,0.4897999916300044,0.0],[-0.911583067661251,-0.6412146006530086,-0.769219360980188,0.8247528687673668,-0.442559965918958,-0.04020389196127495,-0.4866013577649416],[0.009109898438120838],[0.20824745372806946,-0.6251332484475141,0.6850344053224611,1.391492073854848,0.2767450978364187,0.07918803560007703,0.0010275630903356899],[0.0],[0.0,0.0]]}}
{"msg_id":"error_code","data":{"code":["16000000","12000000","12000000","13000000"],"timestamp":1747102431.931385}}
{"msg_id":"joint_position","data":{"pos":[[0.0,0.0,0.0],[0.16399584486377827,-0.6537878210724237,0.4897999916300044,0.0],[-0.911583067661251,-0.6412146006530086,-0.769219360980188,0.8247528687673668,-0.442559965918958,-0.04020389196127495,-0.4866013577649416],[0.009109898438120838],[0.20824745372806946,-0.6251332484475141,0.6850344053224611,1.391492073854848,0.2767450978364187,0.07918803560007703,0.0010275630903356899],[0.0],[0.0,0.0]]}}
{"msg_id":"error_code","data":{"code":["16000000","12000000","12000000","13000000"],"timestamp":1747102432.0325866}}
{"msg_id":"joint_position","data":{"pos":[[0.0,0.0,0.0],[0.16399584486377827,-0.6537878210724237,0.4897999916300044,0.0],[-0.911583067661251,-0.6412146006530086,-0.769219360980188,0.8247528687673668,-0.442559965918958,-0.04020389196127495,-0.4866013577649416],[0.009109898438120838],[0.20824745372806946,-0.6251332484475141,0.6850344053224611,1.391492073854848,0.2767450978364187,0.07918803560007703,0.0010275630903356899],[0.0],[0.0,0.0]]}}
{"msg_id":"error_code","data":{"code":["16000000","12000000","12000000","13000000"],"timestamp":1747102432.1325183}}
{"msg_id":"joint_position","data":{"pos":[[0.0,0.0,0.0],[0.16399584486377827,-0.6537878210724237,0.4897999916300044,0.0],[-0.911583067661251,-0.6412146006530086,-0.769219360980188,0.8247528687673668,-0.442559965918958,-0.04020389196127495,-0.4866013577649416],[0.009109898438120838],[0.20824745372806946,-0.6251332484475141,0.6850344053224611,1.391492073854848,0.2767450978364187,0.07918803560007703,0.0010275630903356899],[0.0],[0.0,0.0]]}}
{"msg_id":"error_code","data":{"code":["16000000","12000000","12000000","13000000"],"timestamp":1747102432.233452}}
{"msg_id":"joint_position","data":{"pos":[[0.0,0.0,0.0],[0.16399584486377827,-0.6537878210724237,0.4897999916300044,0.0],[-0.911583067661251,-0.6412146006530086,-0.769219360980188,0.8247528687673668,-0.442559965918958,-0.04020389196127495,-0.4866013577649416],[0.009109898438120838],[0.20824745372806946,-0.6251332484475141,0.6850344053224611,1.391492073854848,0.2767450978364187,0.07918803560007703,0.0010275630903356899],[0.0],[0.0,0.0]]}}
{"msg_id":"error_code","data":{"code":["16000000","12000000","12000000","13000000"],"timestamp":1747102432.3346941}}
{"msg_id":"joint_position","data":{"pos":[[0.0,0.0,0.0],[0.16399584486377827,-0.6537878210724237,0.4897999916300044,0.0],[-0.911583067661251,-0.6412146006530086,-0.769219360980188,0.8247528687673668,-0.442559965918958,-0.04020389196127495,-0.4866013577649416],[0.009109898438120838],[0.20824745372806946,-0.6251332484475141,0.6850344053224611,1.391492073854848,0.2767450978364187,0.07918803560007703,0.0010275630903356899],[0.0],[0.0,0.0]]}}
{"msg_id":"error_code","data":{"code":["16000000","12000000","12000000","13000000"],"timestamp":1747102432.4351969}}
{"msg_id":"joint_position","data":{"pos":[[0.0,0.0,0.0],[0.16399584486377827,-0.6537878210724237,0.4897999916300044,0.0],[-0.911583067661251,-0.6412146006530086,-0.769219360980188,0.8247528687673668,-0.442559965918958,-0.04020389196127495,-0.4866013577649416],[0.009109898438120838],[0.20824745372806946,-0.6251332484475141,0.6850344053224611,1.391492073854848,0.2767450978364187,0.07918803560007703,0.0010275630903356899],[0.0],[0.0,0.0]]}}
{"msg_id":"error_code","data":{"code":["16000000","12000000","12000000","13000000"],"timestamp":1747102432.5363624}}
{"msg_id":"joint_position","data":{"pos":[[0.0,0.0,0.0],[0.16399584486377827,-0.6537878210724237,0.4897999916300044,0.0],[-0.911583067661251,-0.6412146006530086,-0.769219360980188,0.8247528687673668,-0.442559965918958,-0.04020389196127495,-0.4866013577649416],[0.009109898438120838],[0.20824745372806946,-0.6251332484475141,0.6850344053224611,1.391492073854848,0.2767450978364187,0.07918803560007703,0.0010275630903356899],[0.0],[0.0,0.0]]}}
{"msg_id":"error_code","data":{"code":["16000000","12000000","12000000","13000000"],"timestamp":1747102432.6366491}}
{"msg_id":"joint_position","data":{"pos":[[0.0,0.0,0.0],[0.16399584486377827,-0.6537878210724237,0.4897999916300044,0.0],[-0.911583067661251,-0.6412146006530086,-0.769219360980188,0.8247528687673668,-0.442559965918958,-0.04020389196127495,-0.4866013577649416],[0.009109898438120838],[0.20824745372806946,-0.6251332484475141,0.6850344053224611,1.391492073854848,0.2767450978364187,0.07918803560007703,0.0010275630903356899],[0.0],[0.0,0.0]]}}
{"msg_id":"error_code","data":{"code":["16000000","12000000","12000000","13000000"],"timestamp":1747102432.737983}}
{"msg_id":"joint_position","data":{"pos":[[0.0,0.0,0.0],[0.16399584486377827,-0.6537878210724237,0.4897999916300044,0.0],[-0.911583067661251,-0.6412146006530086,-0.769219360980188,0.8247528687673668,-0.442559965918958,-0.04020389196127495,-0.4866013577649416],[0.009109898438120838],[0.20824745372806946,-0.6251332484475141,0.6850344053224611,1.391492073854848,0.2767450978364187,0.07918803560007703,0.0010275630903356899],[0.0],[0.0,0.0]]}}
{"msg_id":"error_code","data":{"code":["16000000","12000000","12000000","13000000"],"timestamp":1747102432.8383918}}
{"msg_id":"joint_position","data":{"pos":[[0.0,0.0,0.0],[0.16399584486377827,-0.6537878210724237,0.4897999916300044,0.0],[-0.911583067661251,-0.6412146006530086,-0.769219360980188,0.8247528687673668,-0.442559965918958,-0.04020389196127495,-0.4866013577649416],[0.009109898438120838],[0.20824745372806946,-0.6251332484475141,0.6850344053224611,1.391492073854848,0.2767450978364187,0.07918803560007703,0.0010275630903356899],[0.0],[0.0,0.0]]}}
{"msg_id":"error_code","data":{"code":["16000000","12000000","12000000","13000000"],"timestamp":1747102432.9386318}}
{"msg_id":"joint_position","data":{"pos":[[0.0,0.0,0.0],[0.16399584486377827,-0.6537878210724237,0.4897999916300044,0.0],[-0.911583067661251,-0.6412146006530086,-0.769219360980188,0.8247528687673668,-0.442559965918958,-0.04020389196127495,-0.4866013577649416],[0.009109898438120838],[0.20824745372806946,-0.6251332484475141,0.6850344053224611,1.391492073854848,0.2767450978364187,0.07918803560007703,0.0010275630903356899],[0.0],[0.0,0.0]]}}
{"msg_id":"error_code","data":{"code":["16000000","12000000","12000000","13000000"],"timestamp":1747102433.0391393}}
{"msg_id":"joint_position","data":{"pos":[[0.0,0.0,0.0],[0.16399584486377827,-0.6537878210724237,0.4897999916300044,0.0],[-0.911583067661251,-0.6412146006530086,-0.769219360980188,0.8247528687673668,-0.442559965918958,-0.04020389196127495,-0.4866013577649416],[0.009109898438120838],[0.20824745372806946,-0.6251332484475141,0.6850344053224611,1.391492073854848,0.2767450978364187,0.07918803560007703,0.0010275630903356899],[0.0],[0.0,0.0]]}}
{"msg_id":"error_code","data":{"code":["16000000","12000000","12000000","13000000"],"timestamp":1747102433.1393795}}
{"msg_id":"joint_position","data":{"pos":[[0.0,0.0,0.0],[0.16399584486377827,-0.6537878210724237,0.4897999916300044,0.0],[-0.911583067661251,-0.6412146006530086,-0.769219360980188,0.8247528687673668,-0.442559965918958,-0.04020389196127495,-0.4866013577649416],[0.009109898438120838],[0.20824745372806946,-0.6251332484475141,0.6850344053224611,1.391492073854848,0.2767450978364187,0.07918803560007703,0.0010275630903356899],[0.0],[0.0,0.0]]}}
{"msg_id":"error_code","data":{"code":["16000000","12000000","12000000","13000000"],"timestamp":1747102433.2405822}}
{"msg_id":"joint_position","data":{"pos":[[0.0,0.0,0.0],[0.16399584486377827,-0.6537878210724237,0.4897999916300044,0.0],[-0.911583067661251,-0.6412146006530086,-0.769219360980188,0.8247528687673668,-0.442559965918958,-0.04020389196127495,-0.4866013577649416],[0.009109898438120838],[0.20824745372806946,-0.6251332484475141,0.6850344053224611,1.391492073854848,0.2767450978364187,0.07918803560007703,0.0010275630903356899],[0.0],[0.0,0.0]]}}
{"msg_id":"error_code","data":{"code":["16000000","12000000","12000000","13000000"],"timestamp":1747102433.3407493}}
{"msg_id":"joint_position","data":{"pos":[[0.0,0.0,0.0],[0.16399584486377827,-0.6537878210724237,0.4897999916300044,0.0],[-0.911583067661251,-0.6412146006530086,-0.769219360980188,0.8247528687673668,-0.442559965918958,-0.04020389196127495,-0.4866013577649416],[0.009109898438120838],[0.20824745372806946,-0.6251332484475141,0.6850344053224611,1.391492073854848,0.2767450978364187,0.07918803560007703,0.0010275630903356899],[0.0],[0.0,0.0]]}}
{"msg_id":"error_code","data":{"code":["16000000","12000000","12000000","13000000"],"timestamp":1747102433.4412422}}
{"msg_id":"joint_position","data":{"pos":[[0.0,0.0,0.0],[0.16399584486377827,-0.6537878210724237,0.4897999916300044,0.0],[-0.911583067661251,-0.6412146006530086,-0.769219360980188,0.8247528687673668,-0.442559965918958,-0.04020389196127495,-0.4866013577649416],[0.009109898438120838],[0.20824745372806946,-0.6251332484475141,0.6850344053224611,1.391492073854848,0.2767450978364187,0.07918803560007703,0.0010275630903356899],[0.0],[0.0,0.0]]}}
{"msg_id":"error_code","data":{"code":["16000000","12000000","12000000","13000000"],"timestamp":1747102433.5415676}}
{"msg_id":"joint_position","data":{"pos":[[0.0,0.0,0.0],[0.16399584486377827,-0.6537878210724237,0.4897999916300044,0.0],[-0.911583067661251,-0.6412146006530086,-0.769219360980188,0.8247528687673668,-0.442559965918958,-0.04020389196127495,-0.4866013577649416],[0.009109898438120838],[0.20824745372806946,-0.6251332484475141,0.6850344053224611,1.391492073854848,0.2767450978364187,0.07918803560007703,0.0010275630903356899],[0.0],[0.0,0.0]]}}
{"msg_id":"error_code","data":{"code":["16000000","12000000","12000000","13000000"],"timestamp":1747102433.6418316}}
{"msg_id":"joint_position","data":{"pos":[[0.0,0.0,0.0],[0.16399584486377827,-0.6537878210724237,0.4897999916300044,0.0],[-0.911583067661251,-0.6412146006530086,-0.769219360980188,0.8247528687673668,-0.442559965918958,-0.04020389196127495,-0.4866013577649416],[0.009109898438120838],[0.20824745372806946,-0.6251332484475141,0.6850344053224611,1.391492073854848,0.2767450978364187,0.07918803560007703,0.0010275630903356899],[0.0],[0.0,0.0]]}}
{"msg_id":"error_code","data":{"code":["16000000","12000000","12000000","13000000"],"timestamp":1747102433.7421546}}
{"msg_id":"joint_position","data":{"pos":[[0.0,0.0,0.0],[0.16399584486377827,-0.6537878210724237,0.4897999916300044,0.0],[-0.911583067661251,-0.6412146006530086,-0.769219360980188,0.8247528687673668,-0.442559965918958,-0.04020389196127495,-0.4866013577649416],[0.009109898438120838],[0.20824745372806946,-0.6251332484475141,0.6850344053224611,1.391492073854848,0.2767450978364187,0.07918803560007703,0.0010275630903356899],[0.0],[0.0,0.0]]}}
{"msg_id":"error_code","data":{"code":["16000000","12000000","12000000","13000000"],"timestamp":1747102433.8424547}}
{"msg_id":"joint_position","data":{"pos":[[0.0,0.0,0.0],[0.16399584486377827,-0.6537878210724237,0.4897999916300044,0.0],[-0.911583067661251,-0.6412146006530086,-0.769219360980188,0.8247528687673668,-0.442559965918958,-0.04020389196127495,-0.4866013577649416],[0.009109898438120838],[0.20824745372806946,-0.6251332484475141,0.6850344053224611,1.391492073854848,0.2767450978364187,0.07918803560007703,0.0010275630903356899],[0.0],[0.0,0.0]]}}
{"msg_id":"error_code","data":{"code":["16000000","12000000","12000000","13000000"],"timestamp":1747102433.9437609}}
{"msg_id":"joint_position","data":{"pos":[[0.0,0.0,0.0],[0.16399584486377827,-0.6537878210724237,0.4897999916300044,0.0],[-0.911583067661251,-0.6412146006530086,-0.769219360980188,0.8247528687673668,-0.442559965918958,-0.04020389196127495,-0.4866013577649416],[0.009109898438120838],[0.20824745372806946,-0.6251332484475141,0.6850344053224611,1.391492073854848,0.2767450978364187,0.07918803560007703,0.0010275630903356899],[0.0],[0.0,0.0]]}}
{"msg_id":"error_code","data":{"code":["16000000","12000000","12000000","13000000"],"timestamp":1747102434.043079}}
{"msg_id":"joint_position","data":{"pos":[[0.0,0.0,0.0],[0.16399584486377827,-0.6537878210724237,0.4897999916300044,0.0],[-0.911583067661251,-0.6412146006530086,-0.769219360980188,0.8247528687673668,-0.442559965918958,-0.04020389196127495,-0.4866013577649416],[0.009109898438120838],[0.20824745372806946,-0.6251332484475141,0.6850344053224611,1.391492073854848,0.2767450978364187,0.07918803560007703,0.0010275630903356899],[0.0],[0.0,0.0]]}}
{"msg_id":"error_code","data":{"code":["16000000","12000000","12000000","13000000"],"timestamp":1747102434.144113}}
{"msg_id":"joint_position","data":{"pos":[[0.0,0.0,0.0],[0.16399584486377827,-0.6537878210724237,0.4897999916300044,0.0],[-0.911583067661251,-0.6412146006530086,-0.769219360980188,0.8247528687673668,-0.442559965918958,-0.04020389196127495,-0.4866013577649416],[0.009109898438120838],[0.20824745372806946,-0.6251332484475141,0.6850344053224611,1.391492073854848,0.2767450978364187,0.07918803560007703,0.0010275630903356899],[0.0],[0.0,0.0]]}}
{"msg_id":"error_code","data":{"code":["16000000","12000000","12000000","13000000"],"timestamp":1747102434.245327}}
{"msg_id":"joint_position","data":{"pos":[[0.0,0.0,0.0],[0.16399584486377827,-0.6537878210724237,0.4897999916300044,0.0],[-0.911583067661251,-0.6412146006530086,-0.769219360980188,0.8247528687673668,-0.442559965918958,-0.04020389196127495,-0.4866013577649416],[0.009109898438120838],[0.20824745372806946,-0.6251332484475141,0.6850344053224611,1.391492073854848,0.2767450978364187,0.07918803560007703,0.0010275630903356899],[0.0],[0.0,0.0]]}}
{"msg_id":"error_code","data":{"code":["16000000","12000000","12000000","13000000"],"timestamp":1747102434.3455737}}
{"msg_id":"joint_position","data":{"pos":[[0.0,0.0,0.0],[0.16399584486377827,-0.6537878210724237,0.4897999916300044,0.0],[-0.911583067661251,-0.6412146006530086,-0.769219360980188,0.8247528687673668,-0.442559965918958,-0.04020389196127495,-0.4866013577649416],[0.009109898438120838],[0.20824745372806946,-0.6251332484475141,0.6850344053224611,1.391492073854848,0.2767450978364187,0.07918803560007703,0.0010275630903356899],[0.0],[0.0,0.0]]}}
{"msg_id":"error_code","data":{"code":["16000000","12000000","12000000","13000000"],"timestamp":1747102434.4457273}}
{"msg_id":"joint_position","data":{"pos":[[0.0,0.0,0.0],[0.16399584486377827,-0.6537878210724237,0.4897999916300044,0.0],[-0.911583067661251,-0.6412146006530086,-0.769219360980188,0.8247528687673668,-0.442559965918958,-0.04020389196127495,-0.4866013577649416],[0.009109898438120838],[0.20824745372806946,-0.6251332484475141,0.6850344053224611,1.391492073854848,0.2767450978364187,0.07918803560007703,0.0010275630903356899],[0.0],[0.0,0.0]]}}
{"msg_id":"error_code","data":{"code":["16000000","12000000","12000000","13000000"],"timestamp":1747102434.5472398}}
{"msg_id":"joint_position","data":{"pos":[[0.0,0.0,0.0],[0.16399584486377827,-0.6537878210724237,0.4897999916300044,0.0],[-0.911583067661251,-0.6412146006530086,-0.769219360980188,0.8247528687673668,-0.442559965918958,-0.04020389196127495,-0.4866013577649416],[0.009109898438120838],[0.20824745372806946,-0.6251332484475141,0.6850344053224611,1.391492073854848,0.2767450978364187,0.07918803560007703,0.0010275630903356899],[0.0],[0.0,0.0]]}}
{"msg_id":"error_code","data":{"code":["16000000","12000000","12000000","13000000"],"timestamp":1747102434.647998}}
{"msg_id":"joint_position","data":{"pos":[[0.0,0.0,0.0],[0.16399584486377827,-0.6537878210724237,0.4897999916300044,0.0],[-0.911583067661251,-0.6412146006530086,-0.769219360980188,0.8247528687673668,-0.442559965918958,-0.04020389196127495,-0.4866013577649416],[0.009109898438120838],[0.20824745372806946,-0.6251332484475141,0.6850344053224611,1.391492073854848,0.2767450978364187,0.07918803560007703,0.0010275630903356899],[0.0],[0.0,0.0]]}}
{"msg_id":"error_code","data":{"code":["16000000","12000000","12000000","13000000"],"timestamp":1747102434.7492385}}
{"msg_id":"joint_position","data":{"pos":[[0.0,0.0,0.0],[0.16399584486377827,-0.6537878210724237,0.4897999916300044,0.0],[-0.911583067661251,-0.6412146006530086,-0.769219360980188,0.8247528687673668,-0.442559965918958,-0.04020389196127495,-0.4866013577649416],[0.009109898438120838],[0.20824745372806946,-0.6251332484475141,0.6850344053224611,1.391492073854848,0.2767450978364187,0.07918803560007703,0.0010275630903356899],[0.0],[0.0,0.0]]}}
{"msg_id":"error_code","data":{"code":["16000000","12000000","12000000","13000000"],"timestamp":1747102434.8501768}}
{"msg_id":"joint_position","data":{"pos":[[0.0,0.0,0.0],[0.16399584486377827,-0.6537878210724237,0.4897999916300044,0.0],[-0.911583067661251,-0.6412146006530086,-0.769219360980188,0.8247528687673668,-0.442559965918958,-0.04020389196127495,-0.4866013577649416],[0.009109898438120838],[0.20824745372806946,-0.6251332484475141,0.6850344053224611,1.391492073854848,0.2767450978364187,0.07918803560007703,0.0010275630903356899],[0.0],[0.0,0.0]]}}
{"msg_id":"error_code","data":{"code":["16000000","12000000","12000000","13000000"],"timestamp":1747102434.9511023}}
{"msg_id":"joint_position","data":{"pos":[[0.0,0.0,0.0],[0.16399584486377827,-0.6537878210724237,0.4897999916300044,0.0],[-0.911583067661251,-0.6412146006530086,-0.769219360980188,0.8247528687673668,-0.442559965918958,-0.04020389196127495,-0.4866013577649416],[0.009109898438120838],[0.20824745372806946,-0.6251332484475141,0.6850344053224611,1.391492073854848,0.2767450978364187,0.07918803560007703,0.0010275630903356899],[0.0],[0.0,0.0]]}}
{"msg_id":"error_code","data":{"code":["16000000","12000000","12000000","13000000"],"timestamp":1747102435.0517304}}
{"msg_id":"joint_position","data":{"pos":[[0.0,0.0,0.0],[0.16399584486377827,-0.6537878210724237,0.4897999916300044,0.0],[-0.911583067661251,-0.6412146006530086,-0.769219360980188,0.8247528687673668,-0.442559965918958,-0.04020389196127495,-0.4866013577649416],[0.009109898438120838],[0.20824745372806946,-0.6251332484475141,0.6850344053224611,1.391492073854848,0.2767450978364187,0.07918803560007703,0.0010275630903356899],[0.0],[0.0,0.0]]}}
{"msg_id":"error_code","data":{"code":["16000000","12000000","12000000","13000000"],"timestamp":1747102435.152676}}
{"msg_id":"joint_position","data":{"pos":[[0.0,0.0,0.0],[0.16399584486377827,-0.6537878210724237,0.4897999916300044,0.0],[-0.911583067661251,-0.6412146006530086,-0.769219360980188,0.8247528687673668,-0.442559965918958,-0.04020389196127495,-0.4866013577649416],[0.009109898438120838],[0.20824745372806946,-0.6251332484475141,0.6850344053224611,1.391492073854848,0.2767450978364187,0.07918803560007703,0.0010275630903356899],[0.0],[0.0,0.0]]}}
{"msg_id":"error_code","data":{"code":["16000000","12000000","12000000","13000000"],"timestamp":1747102435.2536955}}
{"msg_id":"joint_position","data":{"pos":[[0.0,0.0,0.0],[0.16399584486377827,-0.6537878210724237,0.4897999916300044,0.0],[-0.911583067661251,-0.6412146006530086,-0.769219360980188,0.8247528687673668,-0.442559965918958,-0.04020389196127495,-0.4866013577649416],[0.009109898438120838],[0.20824745372806946,-0.6251332484475141,0.6850344053224611,1.391492073854848,0.2767450978364187,0.07918803560007703,0.0010275630903356899],[0.0],[0.0,0.0]]}}
{"msg_id":"error_code","data":{"code":["16000000","12000000","12000000","13000000"],"timestamp":1747102435.3544717}}
{"msg_id":"joint_position","data":{"pos":[[0.0,0.0,0.0],[0.16399584486377827,-0.6537878210724237,0.4897999916300044,0.0],[-0.911583067661251,-0.6412146006530086,-0.769219360980188,0.8247528687673668,-0.442559965918958,-0.04020389196127495,-0.4866013577649416],[0.009109898438120838],[0.20824745372806946,-0.6251332484475141,0.6850344053224611,1.391492073854848,0.2767450978364187,0.07918803560007703,0.0010275630903356899],[0.0],[0.0,0.0]]}}
{"msg_id":"error_code","data":{"code":["16000000","12000000","12000000","13000000"],"timestamp":1747102435.4550333}}
{"msg_id":"joint_position","data":{"pos":[[0.0,0.0,0.0],[0.16399584486377827,-0.6537878210724237,0.4897999916300044,0.0],[-0.911583067661251,-0.6412146006530086,-0.769219360980188,0.8247528687673668,-0.442559965918958,-0.04020389196127495,-0.4866013577649416],[0.009109898438120838],[0.20824745372806946,-0.6251332484475141,0.6850344053224611,1.391492073854848,0.2767450978364187,0.07918803560007703,0.0010275630903356899],[0.0],[0.0,0.0]]}}
{"msg_id":"error_code","data":{"code":["16000000","12000000","12000000","13000000"],"timestamp":1747102435.556121}}
{"msg_id":"joint_position","data":{"pos":[[0.0,0.0,0.0],[0.16399584486377827,-0.6537878210724237,0.4897999916300044,0.0],[-0.911583067661251,-0.6412146006530086,-0.769219360980188,0.8247528687673668,-0.442559965918958,-0.04020389196127495,-0.4866013577649416],[0.009109898438120838],[0.20824745372806946,-0.6251332484475141,0.6850344053224611,1.391492073854848,0.2767450978364187,0.07918803560007703,0.0010275630903356899],[0.0],[0.0,0.0]]}}
{"msg_id":"error_code","data":{"code":["16000000","12000000","12000000","13000000"],"timestamp":1747102435.656464}}
{"msg_id":"joint_position","data":{"pos":[[0.0,0.0,0.0],[0.16399584486377827,-0.6537878210724237,0.4897999916300044,0.0],[-0.911583067661251,-0.6412146006530086,-0.769219360980188,0.8247528687673668,-0.442559965918958,-0.04020389196127495,-0.4866013577649416],[0.009109898438120838],[0.20824745372806946,-0.6251332484475141,0.6850344053224611,1.391492073854848,0.2767450978364187,0.07918803560007703,0.0010275630903356899],[0.0],[0.0,0.0]]}}
{"msg_id":"error_code","data":{"code":["16000000","12000000","12000000","13000000"],"timestamp":1747102435.757058}}
{"msg_id":"joint_position","data":{"pos":[[0.0,0.0,0.0],[0.16399584486377827,-0.6537878210724237,0.4897999916300044,0.0],[-0.911583067661251,-0.6412146006530086,-0.769219360980188,0.8247528687673668,-0.442559965918958,-0.04020389196127495,-0.4866013577649416],[0.009109898438120838],[0.20824745372806946,-0.6251332484475141,0.6850344053224611,1.391492073854848,0.2767450978364187,0.07918803560007703,0.0010275630903356899],[0.0],[0.0,0.0]]}}
{"msg_id":"error_code","data":{"code":["16000000","12000000","12000000","13000000"],"timestamp":1747102435.8573189}}
{"msg_id":"joint_position","data":{"pos":[[0.0,0.0,0.0],[0.16399584486377827,-0.6537878210724237,0.4897999916300044,0.0],[-0.911583067661251,-0.6412146006530086,-0.769219360980188,0.8247528687673668,-0.442559965918958,-0.04020389196127495,-0.4866013577649416],[0.009109898438120838],[0.20824745372806946,-0.6251332484475141,0.6850344053224611,1.391492073854848,0.2767450978364187,0.07918803560007703,0.0010275630903356899],[0.0],[0.0,0.0]]}}
{"msg_id":"error_code","data":{"code":["16000000","12000000","12000000","13000000"],"timestamp":1747102435.958182}}
{"msg_id":"joint_position","data":{"pos":[[0.0,0.0,0.0],[0.16399584486377827,-0.6537878210724237,0.4897999916300044,0.0],[-0.911583067661251,-0.6412146006530086,-0.769219360980188,0.8247528687673668,-0.442559965918958,-0.04020389196127495,-0.4866013577649416],[0.009109898438120838],[0.20824745372806946,-0.6251332484475141,0.6850344053224611,1.391492073854848,0.2767450978364187,0.07918803560007703,0.0010275630903356899],[0.0],[0.0,0.0]]}}
{"msg_id":"error_code","data":{"code":["16000000","12000000","12000000","13000000"],"timestamp":1747102436.059628}}
{"msg_id":"joint_position","data":{"pos":[[0.0,0.0,0.0],[0.16399584486377827,-0.6537878210724237,0.4897999916300044,0.0],[-0.911583067661251,-0.6412146006530086,-0.769219360980188,0.8247528687673668,-0.442559965918958,-0.04020389196127495,-0.4866013577649416],[0.009109898438120838],[0.20824745372806946,-0.6251332484475141,0.6850344053224611,1.391492073854848,0.2767450978364187,0.07918803560007703,0.0010275630903356899],[0.0],[0.0,0.0]]}}
{"msg_id":"error_code","data":{"code":["16000000","12000000","12000000","13000000"],"timestamp":1747102436.159849}}
{"msg_id":"joint_position","data":{"pos":[[0.0,0.0,0.0],[0.16399584486377827,-0.6537878210724237,0.4897999916300044,0.0],[-0.911583067661251,-0.6412146006530086,-0.769219360980188,0.8247528687673668,-0.442559965918958,-0.04020389196127495,-0.4866013577649416],[0.009109898438120838],[0.20824745372806946,-0.6251332484475141,0.6850344053224611,1.391492073854848,0.2767450978364187,0.07918803560007703,0.0010275630903356899],[0.0],[0.0,0.0]]}}
{"msg_id":"error_code","data":{"code":["16000000","12000000","12000000","13000000"],"timestamp":1747102436.260394}}
{"msg_id":"joint_position","data":{"pos":[[0.0,0.0,0.0],[0.16399584486377827,-0.6537878210724237,0.4897999916300044,0.0],[-0.911583067661251,-0.6412146006530086,-0.769219360980188,0.8247528687673668,-0.442559965918958,-0.04020389196127495,-0.4866013577649416],[0.009109898438120838],[0.20824745372806946,-0.6251332484475141,0.6850344053224611,1.391492073854848,0.2767450978364187,0.07918803560007703,0.0010275630903356899],[0.0],[0.0,0.0]]}}
{"msg_id":"error_code","data":{"code":["16000000","12000000","12000000","13000000"],"timestamp":1747102436.3610096}}
{"msg_id":"joint_position","data":{"pos":[[0.0,0.0,0.0],[0.16399584486377827,-0.6537878210724237,0.4897999916300044,0.0],[-0.911583067661251,-0.6412146006530086,-0.769219360980188,0.8247528687673668,-0.442559965918958,-0.04020389196127495,-0.4866013577649416],[0.009109898438120838],[0.20824745372806946,-0.6251332484475141,0.6850344053224611,1.391492073854848,0.2767450978364187,0.07918803560007703,0.0010275630903356899],[0.0],[0.0,0.0]]}}
{"msg_id":"error_code","data":{"code":["16000000","12000000","12000000","13000000"],"timestamp":1747102436.4623067}}
{"msg_id":"joint_position","data":{"pos":[[0.0,0.0,0.0],[0.16399584486377827,-0.6537878210724237,0.4897999916300044,0.0],[-0.911583067661251,-0.6412146006530086,-0.769219360980188,0.8247528687673668,-0.442559965918958,-0.04020389196127495,-0.4866013577649416],[0.009109898438120838],[0.20824745372806946,-0.6251332484475141,0.6850344053224611,1.391492073854848,0.2767450978364187,0.07918803560007703,0.0010275630903356899],[0.0],[0.0,0.0]]}}
{"msg_id":"error_code","data":{"code":["16000000","12000000","12000000","13000000"],"timestamp":1747102436.5626533}}
{"msg_id":"joint_position","data":{"pos":[[0.0,0.0,0.0],[0.16399584486377827,-0.6537878210724237,0.4897999916300044,0.0],[-0.911583067661251,-0.6412146006530086,-0.769219360980188,0.8247528687673668,-0.442559965918958,-0.04020389196127495,-0.4866013577649416],[0.009109898438120838],[0.20824745372806946,-0.6251332484475141,0.6850344053224611,1.391492073854848,0.2767450978364187,0.07918803560007703,0.0010275630903356899],[0.0],[0.0,0.0]]}}
{"msg_id":"error_code","data":{"code":["16000000","12000000","12000000","13000000"],"timestamp":1747102436.6630213}}
{"msg_id":"joint_position","data":{"pos":[[0.0,0.0,0.0],[0.16399584486377827,-0.6537878210724237,0.4897999916300044,0.0],[-0.911583067661251,-0.6412146006530086,-0.769219360980188,0.8247528687673668,-0.442559965918958,-0.04020389196127495,-0.4866013577649416],[0.009109898438120838],[0.20824745372806946,-0.6251332484475141,0.6850344053224611,1.391492073854848,0.2767450978364187,0.07918803560007703,0.0010275630903356899],[0.0],[0.0,0.0]]}}
{"msg_id":"error_code","data":{"code":["16000000","12000000","12000000","13000000"],"timestamp":1747102436.7633862}}
{"msg_id":"joint_position","data":{"pos":[[0.0,0.0,0.0],[0.16399584486377827,-0.6537878210724237,0.4897999916300044,0.0],[-0.911583067661251,-0.6412146006530086,-0.769219360980188,0.8247528687673668,-0.442559965918958,-0.04020389196127495,-0.4866013577649416],[0.009109898438120838],[0.20824745372806946,-0.6251332484475141,0.6850344053224611,1.391492073854848,0.2767450978364187,0.07918803560007703,0.0010275630903356899],[0.0],[0.0,0.0]]}}
{"msg_id":"error_code","data":{"code":["16000000","12000000","12000000","13000000"],"timestamp":1747102436.8638644}}
{"msg_id":"joint_position","data":{"pos":[[0.0,0.0,0.0],[0.16399584486377827,-0.6537878210724237,0.4897999916300044,0.0],[-0.911583067661251,-0.6412146006530086,-0.769219360980188,0.8247528687673668,-0.442559965918958,-0.04020389196127495,-0.4866013577649416],[0.009109898438120838],[0.20824745372806946,-0.6251332484475141,0.6850344053224611,1.391492073854848,0.2767450978364187,0.07918803560007703,0.0010275630903356899],[0.0],[0.0,0.0]]}}
{"msg_id":"error_code","data":{"code":["16000000","12000000","12000000","13000000"],"timestamp":1747102436.9640672}}
{"msg_id":"joint_position","data":{"pos":[[0.0,0.0,0.0],[0.16399584486377827,-0.6537878210724237,0.4897999916300044,0.0],[-0.911583067661251,-0.6412146006530086,-0.769219360980188,0.8247528687673668,-0.442559965918958,-0.04020389196127495,-0.4866013577649416],[0.009109898438120838],[0.20824745372806946,-0.6251332484475141,0.6850344053224611,1.391492073854848,0.2767450978364187,0.07918803560007703,0.0010275630903356899],[0.0],[0.0,0.0]]}}
{"msg_id":"error_code","data":{"code":["16000000","12000000","12000000","13000000"],"timestamp":1747102437.065386}}
{"msg_id":"joint_position","data":{"pos":[[0.0,0.0,0.0],[0.16399584486377827,-0.6537878210724237,0.4897999916300044,0.0],[-0.911583067661251,-0.6412146006530086,-0.769219360980188,0.8247528687673668,-0.442559965918958,-0.04020389196127495,-0.4866013577649416],[0.009109898438120838],[0.20824745372806946,-0.6251332484475141,0.6850344053224611,1.391492073854848,0.2767450978364187,0.07918803560007703,0.0010275630903356899],[0.0],[0.0,0.0]]}}
{"msg_id":"error_code","data":{"code":["16000000","12000000","12000000","13000000"],"timestamp":1747102437.1653106}}
{"msg_id":"joint_position","data":{"pos":[[0.0,0.0,0.0],[0.16399584486377827,-0.6537878210724237,0.4897999916300044,0.0],[-0.911583067661251,-0.6412146006530086,-0.769219360980188,0.8247528687673668,-0.442559965918958,-0.04020389196127495,-0.4866013577649416],[0.009109898438120838],[0.20824745372806946,-0.6251332484475141,0.6850344053224611,1.391492073854848,0.2767450978364187,0.07918803560007703,0.0010275630903356899],[0.0],[0.0,0.0]]}}
{"msg_id":"error_code","data":{"code":["16000000","12000000","12000000","13000000"],"timestamp":1747102437.2659996}}
{"msg_id":"joint_position","data":{"pos":[[0.0,0.0,0.0],[0.16399584486377827,-0.6537878210724237,0.4897999916300044,0.0],[-0.911583067661251,-0.6412146006530086,-0.769219360980188,0.8247528687673668,-0.442559965918958,-0.04020389196127495,-0.4866013577649416],[0.009109898438120838],[0.20824745372806946,-0.6251332484475141,0.6850344053224611,1.391492073854848,0.2767450978364187,0.07918803560007703,0.0010275630903356899],[0.0],[0.0,0.0]]}}
{"msg_id":"error_code","data":{"code":["16000000","12000000","12000000","13000000"],"timestamp":1747102437.3670123}}
{"msg_id":"joint_position","data":{"pos":[[0.0,0.0,0.0],[0.16399584486377827,-0.6537878210724237,0.4897999916300044,0.0],[-0.911583067661251,-0.6412146006530086,-0.769219360980188,0.8247528687673668,-0.442559965918958,-0.04020389196127495,-0.4866013577649416],[0.009109898438120838],[0.20824745372806946,-0.6251332484475141,0.6850344053224611,1.391492073854848,0.2767450978364187,0.07918803560007703,0.0010275630903356899],[0.0],[0.0,0.0]]}}
{"msg_id":"error_code","data":{"code":["16000000","12000000","12000000","13000000"],"timestamp":1747102437.467895}}
{"msg_id":"joint_position","data":{"pos":[[0.0,0.0,0.0],[0.16399584486377827,-0.6537878210724237,0.4897999916300044,0.0],[-0.911583067661251,-0.6412146006530086,-0.769219360980188,0.8247528687673668,-0.442559965918958,-0.04020389196127495,-0.4866013577649416],[0.009109898438120838],[0.20824745372806946,-0.6251332484475141,0.6850344053224611,1.391492073854848,0.2767450978364187,0.07918803560007703,0.0010275630903356899],[0.0],[0.0,0.0]]}}
{"msg_id":"error_code","data":{"code":["16000000","12000000","12000000","13000000"],"timestamp":1747102437.568883}}
{"msg_id":"joint_position","data":{"pos":[[0.0,0.0,0.0],[0.16399584486377827,-0.6537878210724237,0.4897999916300044,0.0],[-0.911583067661251,-0.6412146006530086,-0.769219360980188,0.8247528687673668,-0.442559965918958,-0.04020389196127495,-0.4866013577649416],[0.009109898438120838],[0.20824745372806946,-0.6251332484475141,0.6850344053224611,1.391492073854848,0.2767450978364187,0.07918803560007703,0.0010275630903356899],[0.0],[0.0,0.0]]}}
{"msg_id":"error_code","data":{"code":["16000000","12000000","12000000","13000000"],"timestamp":1747102437.669308}}
{"msg_id":"joint_position","data":{"pos":[[0.0,0.0,0.0],[0.16399584486377827,-0.6537878210724237,0.4897999916300044,0.0],[-0.911583067661251,-0.6412146006530086,-0.769219360980188,0.8247528687673668,-0.442559965918958,-0.04020389196127495,-0.4866013577649416],[0.009109898438120838],[0.20824745372806946,-0.6251332484475141,0.6850344053224611,1.391492073854848,0.2767450978364187,0.07918803560007703,0.0010275630903356899],[0.0],[0.0,0.0]]}}
{"msg_id":"error_code","data":{"code":["16000000","12000000","12000000","13000000"],"timestamp":1747102437.769902}}
{"msg_id":"joint_position","data":{"pos":[[0.0,0.0,0.0],[0.16399584486377827,-0.6537878210724237,0.4897999916300044,0.0],[-0.911583067661251,-0.6412146006530086,-0.769219360980188,0.8247528687673668,-0.442559965918958,-0.04020389196127495,-0.4866013577649416],[0.009109898438120838],[0.20824745372806946,-0.6251332484475141,0.6850344053224611,1.391492073854848,0.2767450978364187,0.07918803560007703,0.0010275630903356899],[0.0],[0.0,0.0]]}}
{"msg_id":"error_code","data":{"code":["16000000","12000000","12000000","13000000"],"timestamp":1747102437.870328}}
{"msg_id":"joint_position","data":{"pos":[[0.0,0.0,0.0],[0.16399584486377827,-0.6537878210724237,0.4897999916300044,0.0],[-0.911583067661251,-0.6412146006530086,-0.769219360980188,0.8247528687673668,-0.442559965918958,-0.04020389196127495,-0.4866013577649416],[0.009109898438120838],[0.20824745372806946,-0.6251332484475141,0.6850344053224611,1.391492073854848,0.2767450978364187,0.07918803560007703,0.0010275630903356899],[0.0],[0.0,0.0]]}}
{"msg_id":"error_code","data":{"code":["16000000","12000000","12000000","13000000"],"timestamp":1747102437.9712868}}
{"msg_id":"joint_position","data":{"pos":[[0.0,0.0,0.0],[0.16399584486377827,-0.6537878210724237,0.4897999916300044,0.0],[-0.911583067661251,-0.6412146006530086,-0.769219360980188,0.8247528687673668,-0.442559965918958,-0.04020389196127495,-0.4866013577649416],[0.009109898438120838],[0.20824745372806946,-0.6251332484475141,0.6850344053224611,1.391492073854848,0.2767450978364187,0.07918803560007703,0.0010275630903356899],[0.0],[0.0,0.0]]}}
{"msg_id":"error_code","data":{"code":["16000000","12000000","12000000","13000000"],"timestamp":1747102438.0730174}}
{"msg_id":"joint_position","data":{"pos":[[0.0,0.0,0.0],[0.16399584486377827,-0.6537878210724237,0.4897999916300044,0.0],[-0.911583067661251,-0.6412146006530086,-0.769219360980188,0.8247528687673668,-0.442559965918958,-0.04020389196127495,-0.4866013577649416],[0.009109898438120838],[0.20824745372806946,-0.6251332484475141,0.6850344053224611,1.391492073854848,0.2767450978364187,0.07918803560007703,0.0010275630903356899],[0.0],[0.0,0.0]]}}
{"msg_id":"error_code","data":{"code":["16000000","12000000","12000000","13000000"],"timestamp":1747102438.1725283}}
{"msg_id":"joint_position","data":{"pos":[[0.0,0.0,0.0],[0.16399584486377827,-0.6537878210724237,0.4897999916300044,0.0],[-0.911583067661251,-0.6412146006530086,-0.769219360980188,0.8247528687673668,-0.442559965918958,-0.04020389196127495,-0.4866013577649416],[0.009109898438120838],[0.20824745372806946,-0.6251332484475141,0.6850344053224611,1.391492073854848,0.2767450978364187,0.07918803560007703,0.0010275630903356899],[0.0],[0.0,0.0]]}}
{"msg_id":"error_code","data":{"code":["16000000","12000000","12000000","13000000"],"timestamp":1747102438.2735965}}
{"msg_id":"joint_position","data":{"pos":[[0.0,0.0,0.0],[0.16399584486377827,-0.6537878210724237,0.4897999916300044,0.0],[-0.911583067661251,-0.6412146006530086,-0.769219360980188,0.8247528687673668,-0.442559965918958,-0.04020389196127495,-0.4866013577649416],[0.009109898438120838],[0.20824745372806946,-0.6251332484475141,0.6850344053224611,1.391492073854848,0.2767450978364187,0.07918803560007703,0.0010275630903356899],[0.0],[0.0,0.0]]}}
{"msg_id":"error_code","data":{"code":["16000000","12000000","12000000","13000000"],"timestamp":1747102438.3737345}}
{"msg_id":"joint_position","data":{"pos":[[0.0,0.0,0.0],[0.16399584486377827,-0.6537878210724237,0.4897999916300044,0.0],[-0.911583067661251,-0.6412146006530086,-0.769219360980188,0.8247528687673668,-0.442559965918958,-0.04020389196127495,-0.4866013577649416],[0.009109898438120838],[0.20824745372806946,-0.6251332484475141,0.6850344053224611,1.391492073854848,0.2767450978364187,0.07918803560007703,0.0010275630903356899],[0.0],[0.0,0.0]]}}
{"msg_id":"error_code","data":{"code":["16000000","12000000","12000000","13000000"],"timestamp":1747102438.4746013}}
{"msg_id":"joint_position","data":{"pos":[[0.0,0.0,0.0],[0.16399584486377827,-0.6537878210724237,0.4897999916300044,0.0],[-0.911583067661251,-0.6412146006530086,-0.769219360980188,0.8247528687673668,-0.442559965918958,-0.04020389196127495,-0.4866013577649416],[0.009109898438120838],[0.20824745372806946,-0.6251332484475141,0.6850344053224611,1.391492073854848,0.2767450978364187,0.07918803560007703,0.0010275630903356899],[0.0],[0.0,0.0]]}}
{"msg_id":"error_code","data":{"code":["16000000","12000000","12000000","13000000"],"timestamp":1747102438.5753481}}
{"msg_id":"joint_position","data":{"pos":[[0.0,0.0,0.0],[0.16399584486377827,-0.6537878210724237,0.4897999916300044,0.0],[-0.911583067661251,-0.6412146006530086,-0.769219360980188,0.8247528687673668,-0.442559965918958,-0.04020389196127495,-0.4866013577649416],[0.009109898438120838],[0.20824745372806946,-0.6251332484475141,0.6850344053224611,1.391492073854848,0.2767450978364187,0.07918803560007703,0.0010275630903356899],[0.0],[0.0,0.0]]}}
{"msg_id":"error_code","data":{"code":["16000000","12000000","12000000","13000000"],"timestamp":1747102438.6764104}}
{"msg_id":"joint_position","data":{"pos":[[0.0,0.0,0.0],[0.16399584486377827,-0.6537878210724237,0.4897999916300044,0.0],[-0.911583067661251,-0.6412146006530086,-0.769219360980188,0.8247528687673668,-0.442559965918958,-0.04020389196127495,-0.4866013577649416],[0.009109898438120838],[0.20824745372806946,-0.6251332484475141,0.6850344053224611,1.391492073854848,0.2767450978364187,0.07918803560007703,0.0010275630903356899],[0.0],[0.0,0.0]]}}
{"msg_id":"error_code","data":{"code":["16000000","12000000","12000000","13000000"],"timestamp":1747102438.7766645}}
{"msg_id":"joint_position","data":{"pos":[[0.0,0.0,0.0],[0.16399584486377827,-0.6537878210724237,0.4897999916300044,0.0],[-0.911583067661251,-0.6412146006530086,-0.769219360980188,0.8247528687673668,-0.442559965918958,-0.04020389196127495,-0.4866013577649416],[0.009109898438120838],[0.20824745372806946,-0.6251332484475141,0.6850344053224611,1.391492073854848,0.2767450978364187,0.07918803560007703,0.0010275630903356899],[0.0],[0.0,0.0]]}}
{"msg_id":"error_code","data":{"code":["16000000","12000000","12000000","13000000"],"timestamp":1747102438.8778782}}
{"msg_id":"joint_position","data":{"pos":[[0.0,0.0,0.0],[0.16399584486377827,-0.6537878210724237,0.4897999916300044,0.0],[-0.911583067661251,-0.6412146006530086,-0.769219360980188,0.8247528687673668,-0.442559965918958,-0.04020389196127495,-0.4866013577649416],[0.009109898438120838],[0.20824745372806946,-0.6251332484475141,0.6850344053224611,1.391492073854848,0.2767450978364187,0.07918803560007703,0.0010275630903356899],[0.0],[0.0,0.0]]}}
{"msg_id":"error_code","data":{"code":["16000000","12000000","12000000","13000000"],"timestamp":1747102438.9790633}}
{"msg_id":"joint_position","data":{"pos":[[0.0,0.0,0.0],[0.16399584486377827,-0.6537878210724237,0.4897999916300044,0.0],[-0.911583067661251,-0.6412146006530086,-0.769219360980188,0.8247528687673668,-0.442559965918958,-0.04020389196127495,-0.4866013577649416],[0.009109898438120838],[0.20824745372806946,-0.6251332484475141,0.6850344053224611,1.391492073854848,0.2767450978364187,0.07918803560007703,0.0010275630903356899],[0.0],[0.0,0.0]]}}
{"msg_id":"error_code","data":{"code":["16000000","12000000","12000000","13000000"],"timestamp":1747102439.080272}}
{"msg_id":"joint_position","data":{"pos":[[0.0,0.0,0.0],[0.16399584486377827,-0.6537878210724237,0.4897999916300044,0.0],[-0.911583067661251,-0.6412146006530086,-0.769219360980188,0.8247528687673668,-0.442559965918958,-0.04020389196127495,-0.4866013577649416],[0.009109898438120838],[0.20824745372806946,-0.6251332484475141,0.6850344053224611,1.391492073854848,0.2767450978364187,0.07918803560007703,0.0010275630903356899],[0.0],[0.0,0.0]]}}
{"msg_id":"error_code","data":{"code":["16000000","12000000","12000000","13000000"],"timestamp":1747102439.1805353}}
{"msg_id":"joint_position","data":{"pos":[[0.0,0.0,0.0],[0.16399584486377827,-0.6537878210724237,0.4897999916300044,0.0],[-0.911583067661251,-0.6412146006530086,-0.769219360980188,0.8247528687673668,-0.442559965918958,-0.04020389196127495,-0.4866013577649416],[0.009109898438120838],[0.20824745372806946,-0.6251332484475141,0.6850344053224611,1.391492073854848,0.2767450978364187,0.07918803560007703,0.0010275630903356899],[0.0],[0.0,0.0]]}}
{"msg_id":"error_code","data":{"code":["16000000","12000000","12000000","13000000"],"timestamp":1747102439.280703}}
{"msg_id":"joint_position","data":{"pos":[[0.0,0.0,0.0],[0.16399584486377827,-0.6537878210724237,0.4897999916300044,0.0],[-0.911583067661251,-0.6412146006530086,-0.769219360980188,0.8247528687673668,-0.442559965918958,-0.04020389196127495,-0.4866013577649416],[0.009109898438120838],[0.20824745372806946,-0.6251332484475141,0.6850344053224611,1.391492073854848,0.2767450978364187,0.07918803560007703,0.0010275630903356899],[0.0],[0.0,0.0]]}}
{"msg_id":"error_code","data":{"code":["16000000","12000000","12000000","13000000"],"timestamp":1747102439.3819728}}
{"msg_id":"joint_position","data":{"pos":[[0.0,0.0,0.0],[0.16399584486377827,-0.6537878210724237,0.4897999916300044,0.0],[-0.911583067661251,-0.6412146006530086,-0.769219360980188,0.8247528687673668,-0.442559965918958,-0.04020389196127495,-0.4866013577649416],[0.009109898438120838],[0.20824745372806946,-0.6251332484475141,0.6850344053224611,1.391492073854848,0.2767450978364187,0.07918803560007703,0.0010275630903356899],[0.0],[0.0,0.0]]}}
{"msg_id":"error_code","data":{"code":["16000000","12000000","12000000","13000000"],"timestamp":1747102439.482331}}
{"msg_id":"joint_position","data":{"pos":[[0.0,0.0,0.0],[0.16399584486377827,-0.6537878210724237,0.4897999916300044,0.0],[-0.911583067661251,-0.6412146006530086,-0.769219360980188,0.8247528687673668,-0.442559965918958,-0.04020389196127495,-0.4866013577649416],[0.009109898438120838],[0.20824745372806946,-0.6251332484475141,0.6850344053224611,1.391492073854848,0.2767450978364187,0.07918803560007703,0.0010275630903356899],[0.0],[0.0,0.0]]}}
{"msg_id":"error_code","data":{"code":["16000000","12000000","12000000","13000000"],"timestamp":1747102439.58261}}
{"msg_id":"joint_position","data":{"pos":[[0.0,0.0,0.0],[0.16399584486377827,-0.6537878210724237,0.4897999916300044,0.0],[-0.911583067661251,-0.6412146006530086,-0.769219360980188,0.8247528687673668,-0.442559965918958,-0.04020389196127495,-0.4866013577649416],[0.009109898438120838],[0.20824745372806946,-0.6251332484475141,0.6850344053224611,1.391492073854848,0.2767450978364187,0.07918803560007703,0.0010275630903356899],[0.0],[0.0,0.0]]}}
{"msg_id":"error_code","data":{"code":["16000000","12000000","12000000","13000000"],"timestamp":1747102439.6838002}}
{"msg_id":"joint_position","data":{"pos":[[0.0,0.0,0.0],[0.16399584486377827,-0.6537878210724237,0.4897999916300044,0.0],[-0.911583067661251,-0.6412146006530086,-0.769219360980188,0.8247528687673668,-0.442559965918958,-0.04020389196127495,-0.4866013577649416],[0.009109898438120838],[0.20824745372806946,-0.6251332484475141,0.6850344053224611,1.391492073854848,0.2767450978364187,0.07918803560007703,0.0010275630903356899],[0.0],[0.0,0.0]]}}
{"msg_id":"error_code","data":{"code":["16000000","12000000","12000000","13000000"],"timestamp":1747102439.7839944}}
{"msg_id":"joint_position","data":{"pos":[[0.0,0.0,0.0],[0.16399584486377827,-0.6537878210724237,0.4897999916300044,0.0],[-0.911583067661251,-0.6412146006530086,-0.769219360980188,0.8247528687673668,-0.442559965918958,-0.04020389196127495,-0.4866013577649416],[0.009109898438120838],[0.20824745372806946,-0.6251332484475141,0.6850344053224611,1.391492073854848,0.2767450978364187,0.07918803560007703,0.0010275630903356899],[0.0],[0.0,0.0]]}}
{"msg_id":"error_code","data":{"code":["16000000","12000000","12000000","13000000"],"timestamp":1747102439.8851998}}
{"msg_id":"joint_position","data":{"pos":[[0.0,0.0,0.0],[0.16399584486377827,-0.6537878210724237,0.4897999916300044,0.0],[-0.911583067661251,-0.6412146006530086,-0.769219360980188,0.8247528687673668,-0.442559965918958,-0.04020389196127495,-0.4866013577649416],[0.009109898438120838],[0.20824745372806946,-0.6251332484475141,0.6850344053224611,1.391492073854848,0.2767450978364187,0.07918803560007703,0.0010275630903356899],[0.0],[0.0,0.0]]}}
{"msg_id":"error_code","data":{"code":["16000000","12000000","12000000","13000000"],"timestamp":1747102439.985102}}
{"msg_id":"joint_position","data":{"pos":[[0.0,0.0,0.0],[0.16399584486377827,-0.6537878210724237,0.4897999916300044,0.0],[-0.911583067661251,-0.6412146006530086,-0.769219360980188,0.8247528687673668,-0.442559965918958,-0.04020389196127495,-0.4866013577649416],[0.009109898438120838],[0.20824745372806946,-0.6251332484475141,0.6850344053224611,1.391492073854848,0.2767450978364187,0.07918803560007703,0.0010275630903356899],[0.0],[0.0,0.0]]}}
{"msg_id":"error_code","data":{"code":["16000000","12000000","12000000","13000000"],"timestamp":1747102440.0856285}}
{"msg_id":"joint_position","data":{"pos":[[0.0,0.0,0.0],[0.16399584486377827,-0.6537878210724237,0.4897999916300044,0.0],[-0.911583067661251,-0.6412146006530086,-0.769219360980188,0.8247528687673668,-0.442559965918958,-0.04020389196127495,-0.4866013577649416],[0.009109898438120838],[0.20824745372806946,-0.6251332484475141,0.6850344053224611,1.391492073854848,0.2767450978364187,0.07918803560007703,0.0010275630903356899],[0.0],[0.0,0.0]]}}
{"msg_id":"error_code","data":{"code":["16000000","12000000","12000000","13000000"],"timestamp":1747102440.1863246}}
{"msg_id":"joint_position","data":{"pos":[[0.0,0.0,0.0],[0.16399584486377827,-0.6537878210724237,0.4897999916300044,0.0],[-0.911583067661251,-0.6412146006530086,-0.769219360980188,0.8247528687673668,-0.442559965918958,-0.04020389196127495,-0.4866013577649416],[0.009109898438120838],[0.20824745372806946,-0.6251332484475141,0.6850344053224611,1.391492073854848,0.2767450978364187,0.07918803560007703,0.0010275630903356899],[0.0],[0.0,0.0]]}}
{"msg_id":"error_code","data":{"code":["16000000","12000000","12000000","13000000"],"timestamp":1747102440.287553}}
{"msg_id":"joint_position","data":{"pos":[[0.0,0.0,0.0],[0.16399584486377827,-0.6537878210724237,0.4897999916300044,0.0],[-0.911583067661251,-0.6412146006530086,-0.769219360980188,0.8247528687673668,-0.442559965918958,-0.04020389196127495,-0.4866013577649416],[0.009109898438120838],[0.20824745372806946,-0.6251332484475141,0.6850344053224611,1.391492073854848,0.2767450978364187,0.07918803560007703,0.0010275630903356899],[0.0],[0.0,0.0]]}}
{"msg_id":"error_code","data":{"code":["16000000","12000000","12000000","13000000"],"timestamp":1747102440.3885267}}
{"msg_id":"joint_position","data":{"pos":[[0.0,0.0,0.0],[0.16399584486377827,-0.6537878210724237,0.4897999916300044,0.0],[-0.911583067661251,-0.6412146006530086,-0.769219360980188,0.8247528687673668,-0.442559965918958,-0.04020389196127495,-0.4866013577649416],[0.009109898438120838],[0.20824745372806946,-0.6251332484475141,0.6850344053224611,1.391492073854848,0.2767450978364187,0.07918803560007703,0.0010275630903356899],[0.0],[0.0,0.0]]}}
{"msg_id":"error_code","data":{"code":["16000000","12000000","12000000","13000000"],"timestamp":1747102440.4897113}}
{"msg_id":"joint_position","data":{"pos":[[0.0,0.0,0.0],[0.16399584486377827,-0.6537878210724237,0.4897999916300044,0.0],[-0.911583067661251,-0.6412146006530086,-0.769219360980188,0.8247528687673668,-0.442559965918958,-0.04020389196127495,-0.4866013577649416],[0.009109898438120838],[0.20824745372806946,-0.6251332484475141,0.6850344053224611,1.391492073854848,0.2767450978364187,0.07918803560007703,0.0010275630903356899],[0.0],[0.0,0.0]]}}
{"msg_id":"error_code","data":{"code":["16000000","12000000","12000000","13000000"],"timestamp":1747102440.5902758}}
{"msg_id":"joint_position","data":{"pos":[[0.0,0.0,0.0],[0.16399584486377827,-0.6537878210724237,0.4897999916300044,0.0],[-0.911583067661251,-0.6412146006530086,-0.769219360980188,0.8247528687673668,-0.442559965918958,-0.04020389196127495,-0.4866013577649416],[0.009109898438120838],[0.20824745372806946,-0.6251332484475141,0.6850344053224611,1.391492073854848,0.2767450978364187,0.07918803560007703,0.0010275630903356899],[0.0],[0.0,0.0]]}}
{"msg_id":"error_code","data":{"code":["16000000","12000000","12000000","13000000"],"timestamp":1747102440.6913602}}
{"msg_id":"joint_position","data":{"pos":[[0.0,0.0,0.0],[0.16399584486377827,-0.6537878210724237,0.4897999916300044,0.0],[-0.911583067661251,-0.6412146006530086,-0.769219360980188,0.8247528687673668,-0.442559965918958,-0.04020389196127495,-0.4866013577649416],[0.009109898438120838],[0.20824745372806946,-0.6251332484475141,0.6850344053224611,1.391492073854848,0.2767450978364187,0.07918803560007703,0.0010275630903356899],[0.0],[0.0,0.0]]}}
{"msg_id":"error_code","data":{"code":["16000000","12000000","12000000","13000000"],"timestamp":1747102440.7918963}}
{"msg_id":"joint_position","data":{"pos":[[0.0,0.0,0.0],[0.16399584486377827,-0.6537878210724237,0.4897999916300044,0.0],[-0.911583067661251,-0.6412146006530086,-0.769219360980188,0.8247528687673668,-0.442559965918958,-0.04020389196127495,-0.4866013577649416],[0.009109898438120838],[0.20824745372806946,-0.6251332484475141,0.6850344053224611,1.391492073854848,0.2767450978364187,0.07918803560007703,0.0010275630903356899],[0.0],[0.0,0.0]]}}
{"msg_id":"error_code","data":{"code":["16000000","12000000","12000000","13000000"],"timestamp":1747102440.8934777}}
{"msg_id":"joint_position","data":{"pos":[[0.0,0.0,0.0],[0.16399584486377827,-0.6537878210724237,0.4897999916300044,0.0],[-0.911583067661251,-0.6412146006530086,-0.769219360980188,0.8247528687673668,-0.442559965918958,-0.04020389196127495,-0.4866013577649416],[0.009109898438120838],[0.20824745372806946,-0.6251332484475141,0.6850344053224611,1.391492073854848,0.2767450978364187,0.07918803560007703,0.0010275630903356899],[0.0],[0.0,0.0]]}}
{"msg_id":"error_code","data":{"code":["16000000","12000000","12000000","13000000"],"timestamp":1747102440.994278}}
{"msg_id":"joint_position","data":{"pos":[[0.0,0.0,0.0],[0.16399584486377827,-0.6537878210724237,0.4897999916300044,0.0],[-0.911583067661251,-0.6412146006530086,-0.769219360980188,0.8247528687673668,-0.442559965918958,-0.04020389196127495,-0.4866013577649416],[0.009109898438120838],[0.20824745372806946,-0.6251332484475141,0.6850344053224611,1.391492073854848,0.2767450978364187,0.07918803560007703,0.0010275630903356899],[0.0],[0.0,0.0]]}}
{"msg_id":"error_code","data":{"code":["16000000","12000000","12000000","13000000"],"timestamp":1747102441.0948682}}
{"msg_id":"joint_position","data":{"pos":[[0.0,0.0,0.0],[0.16399584486377827,-0.6537878210724237,0.4897999916300044,0.0],[-0.911583067661251,-0.6412146006530086,-0.769219360980188,0.8247528687673668,-0.442559965918958,-0.04020389196127495,-0.4866013577649416],[0.009109898438120838],[0.20824745372806946,-0.6251332484475141,0.6850344053224611,1.391492073854848,0.2767450978364187,0.07918803560007703,0.0010275630903356899],[0.0],[0.0,0.0]]}}
{"msg_id":"error_code","data":{"code":["16000000","12000000","12000000","13000000"],"timestamp":1747102441.1955562}}
{"msg_id":"joint_position","data":{"pos":[[0.0,0.0,0.0],[0.16399584486377827,-0.6537878210724237,0.4897999916300044,0.0],[-0.911583067661251,-0.6412146006530086,-0.769219360980188,0.8247528687673668,-0.442559965918958,-0.04020389196127495,-0.4866013577649416],[0.009109898438120838],[0.20824745372806946,-0.6251332484475141,0.6850344053224611,1.391492073854848,0.2767450978364187,0.07918803560007703,0.0010275630903356899],[0.0],[0.0,0.0]]}}
{"msg_id":"error_code","data":{"code":["16000000","12000000","12000000","13000000"],"timestamp":1747102441.2963746}}
{"msg_id":"joint_position","data":{"pos":[[0.0,0.0,0.0],[0.16399584486377827,-0.6537878210724237,0.4897999916300044,0.0],[-0.911583067661251,-0.6412146006530086,-0.769219360980188,0.8247528687673668,-0.442559965918958,-0.04020389196127495,-0.4866013577649416],[0.009109898438120838],[0.20824745372806946,-0.6251332484475141,0.6850344053224611,1.391492073854848,0.2767450978364187,0.07918803560007703,0.0010275630903356899],[0.0],[0.0,0.0]]}}
{"msg_id":"error_code","data":{"code":["16000000","12000000","12000000","13000000"],"timestamp":1747102441.397333}}
{"msg_id":"joint_position","data":{"pos":[[0.0,0.0,0.0],[0.16399584486377827,-0.6537878210724237,0.4897999916300044,0.0],[-0.911583067661251,-0.6412146006530086,-0.769219360980188,0.8247528687673668,-0.442559965918958,-0.04020389196127495,-0.4866013577649416],[0.009109898438120838],[0.20824745372806946,-0.6251332484475141,0.6850344053224611,1.391492073854848,0.2767450978364187,0.07918803560007703,0.0010275630903356899],[0.0],[0.0,0.0]]}}
{"msg_id":"error_code","data":{"code":["16000000","12000000","12000000","13000000"],"timestamp":1747102441.4979322}}
{"msg_id":"joint_position","data":{"pos":[[0.0,0.0,0.0],[0.16399584486377827,-0.6537878210724237,0.4897999916300044,0.0],[-0.911583067661251,-0.6412146006530086,-0.769219360980188,0.8247528687673668,-0.442559965918958,-0.04020389196127495,-0.4866013577649416],[0.009109898438120838],[0.20824745372806946,-0.6251332484475141,0.6850344053224611,1.391492073854848,0.2767450978364187,0.07918803560007703,0.0010275630903356899],[0.0],[0.0,0.0]]}}
{"msg_id":"error_code","data":{"code":["16000000","12000000","12000000","13000000"],"timestamp":1747102441.5984943}}
{"msg_id":"joint_position","data":{"pos":[[0.0,0.0,0.0],[0.16399584486377827,-0.6537878210724237,0.4897999916300044,0.0],[-0.911583067661251,-0.6412146006530086,-0.769219360980188,0.8247528687673668,-0.442559965918958,-0.04020389196127495,-0.4866013577649416],[0.009109898438120838],[0.20824745372806946,-0.6251332484475141,0.6850344053224611,1.391492073854848,0.2767450978364187,0.07918803560007703,0.0010275630903356899],[0.0],[0.0,0.0]]}}
{"msg_id":"error_code","data":{"code":["16000000","12000000","12000000","13000000"],"timestamp":1747102441.699314}}
{"msg_id":"joint_position","data":{"pos":[[0.0,0.0,0.0],[0.16399584486377827,-0.6537878210724237,0.4897999916300044,0.0],[-0.911583067661251,-0.6412146006530086,-0.769219360980188,0.8247528687673668,-0.442559965918958,-0.04020389196127495,-0.4866013577649416],[0.009109898438120838],[0.20824745372806946,-0.6251332484475141,0.6850344053224611,1.391492073854848,0.2767450978364187,0.07918803560007703,0.0010275630903356899],[0.0],[0.0,0.0]]}}
{"msg_id":"error_code","data":{"code":["16000000","12000000","12000000","13000000"],"timestamp":1747102441.7997026}}
{"msg_id":"joint_position","data":{"pos":[[0.0,0.0,0.0],[0.16399584486377827,-0.6537878210724237,0.4897999916300044,0.0],[-0.911583067661251,-0.6412146006530086,-0.769219360980188,0.8247528687673668,-0.442559965918958,-0.04020389196127495,-0.4866013577649416],[0.009109898438120838],[0.20824745372806946,-0.6251332484475141,0.6850344053224611,1.391492073854848,0.2767450978364187,0.07918803560007703,0.0010275630903356899],[0.0],[0.0,0.0]]}}
{"msg_id":"error_code","data":{"code":["16000000","12000000","12000000","13000000"],"timestamp":1747102441.9009151}}
{"msg_id":"joint_position","data":{"pos":[[0.0,0.0,0.0],[0.16399584486377827,-0.6537878210724237,0.4897999916300044,0.0],[-0.911583067661251,-0.6412146006530086,-0.769219360980188,0.8247528687673668,-0.442559965918958,-0.04020389196127495,-0.4866013577649416],[0.009109898438120838],[0.20824745372806946,-0.6251332484475141,0.6850344053224611,1.391492073854848,0.2767450978364187,0.07918803560007703,0.0010275630903356899],[0.0],[0.0,0.0]]}}
{"msg_id":"error_code","data":{"code":["16000000","12000000","12000000","13000000"],"timestamp":1747102442.0010834}}
{"msg_id":"joint_position","data":{"pos":[[0.0,0.0,0.0],[0.16399584486377827,-0.6537878210724237,0.4897999916300044,0.0],[-0.911583067661251,-0.6412146006530086,-0.769219360980188,0.8247528687673668,-0.442559965918958,-0.04020389196127495,-0.4866013577649416],[0.009109898438120838],[0.20824745372806946,-0.6251332484475141,0.6850344053224611,1.391492073854848,0.2767450978364187,0.07918803560007703,0.0010275630903356899],[0.0],[0.0,0.0]]}}
{"msg_id":"error_code","data":{"code":["16000000","12000000","12000000","13000000"],"timestamp":1747102442.102418}}
{"msg_id":"joint_position","data":{"pos":[[0.0,0.0,0.0],[0.16399584486377827,-0.6537878210724237,0.4897999916300044,0.0],[-0.911583067661251,-0.6412146006530086,-0.769219360980188,0.8247528687673668,-0.442559965918958,-0.04020389196127495,-0.4866013577649416],[0.009109898438120838],[0.20824745372806946,-0.6251332484475141,0.6850344053224611,1.391492073854848,0.2767450978364187,0.07918803560007703,0.0010275630903356899],[0.0],[0.0,0.0]]}}
{"msg_id":"error_code","data":{"code":["16000000","12000000","12000000","13000000"],"timestamp":1747102442.2023573}}
{"msg_id":"joint_position","data":{"pos":[[0.0,0.0,0.0],[0.16399584486377827,-0.6537878210724237,0.4897999916300044,0.0],[-0.911583067661251,-0.6412146006530086,-0.769219360980188,0.8247528687673668,-0.442559965918958,-0.04020389196127495,-0.4866013577649416],[0.009109898438120838],[0.20824745372806946,-0.6251332484475141,0.6850344053224611,1.391492073854848,0.2767450978364187,0.07918803560007703,0.0010275630903356899],[0.0],[0.0,0.0]]}}
{"msg_id":"error_code","data":{"code":["16000000","12000000","12000000","13000000"],"timestamp":1747102442.302956}}
{"msg_id":"joint_position","data":{"pos":[[0.0,0.0,0.0],[0.16399584486377827,-0.6537878210724237,0.4897999916300044,0.0],[-0.911583067661251,-0.6412146006530086,-0.769219360980188,0.8247528687673668,-0.442559965918958,-0.04020389196127495,-0.4866013577649416],[0.009109898438120838],[0.20824745372806946,-0.6251332484475141,0.6850344053224611,1.391492073854848,0.2767450978364187,0.07918803560007703,0.0010275630903356899],[0.0],[0.0,0.0]]}}
{"msg_id":"error_code","data":{"code":["16000000","12000000","12000000","13000000"],"timestamp":1747102442.4035764}}
{"msg_id":"joint_position","data":{"pos":[[0.0,0.0,0.0],[0.16399584486377827,-0.6537878210724237,0.4897999916300044,0.0],[-0.911583067661251,-0.6412146006530086,-0.769219360980188,0.8247528687673668,-0.442559965918958,-0.04020389196127495,-0.4866013577649416],[0.009109898438120838],[0.20824745372806946,-0.6251332484475141,0.6850344053224611,1.391492073854848,0.2767450978364187,0.07918803560007703,0.0010275630903356899],[0.0],[0.0,0.0]]}}
{"msg_id":"error_code","data":{"code":["16000000","12000000","12000000","13000000"],"timestamp":1747102442.504285}}
{"msg_id":"joint_position","data":{"pos":[[0.0,0.0,0.0],[0.16399584486377827,-0.6537878210724237,0.4897999916300044,0.0],[-0.911583067661251,-0.6412146006530086,-0.769219360980188,0.8247528687673668,-0.442559965918958,-0.04020389196127495,-0.4866013577649416],[0.009109898438120838],[0.20824745372806946,-0.6251332484475141,0.6850344053224611,1.391492073854848,0.2767450978364187,0.07918803560007703,0.0010275630903356899],[0.0],[0.0,0.0]]}}
{"msg_id":"error_code","data":{"code":["16000000","12000000","12000000","13000000"],"timestamp":1747102442.6054657}}
{"msg_id":"joint_position","data":{"pos":[[0.0,0.0,0.0],[0.16399584486377827,-0.6537878210724237,0.4897999916300044,0.0],[-0.911583067661251,-0.6412146006530086,-0.769219360980188,0.8247528687673668,-0.442559965918958,-0.04020389196127495,-0.4866013577649416],[0.009109898438120838],[0.20824745372806946,-0.6251332484475141,0.6850344053224611,1.391492073854848,0.2767450978364187,0.07918803560007703,0.0010275630903356899],[0.0],[0.0,0.0]]}}
{"msg_id":"error_code","data":{"code":["16000000","12000000","12000000","13000000"],"timestamp":1747102442.7063465}}
{"msg_id":"joint_position","data":{"pos":[[0.0,0.0,0.0],[0.16399584486377827,-0.6537878210724237,0.4897999916300044,0.0],[-0.911583067661251,-0.6412146006530086,-0.769219360980188,0.8247528687673668,-0.442559965918958,-0.04020389196127495,-0.4866013577649416],[0.009109898438120838],[0.20824745372806946,-0.6251332484475141,0.6850344053224611,1.391492073854848,0.2767450978364187,0.07918803560007703,0.0010275630903356899],[0.0],[0.0,0.0]]}}
{"msg_id":"error_code","data":{"code":["16000000","12000000","12000000","13000000"],"timestamp":1747102442.8073602}}
{"msg_id":"joint_position","data":{"pos":[[0.0,0.0,0.0],[0.16399584486377827,-0.6537878210724237,0.4897999916300044,0.0],[-0.911583067661251,-0.6412146006530086,-0.769219360980188,0.8247528687673668,-0.442559965918958,-0.04020389196127495,-0.4866013577649416],[0.009109898438120838],[0.20824745372806946,-0.6251332484475141,0.6850344053224611,1.391492073854848,0.2767450978364187,0.07918803560007703,0.0010275630903356899],[0.0],[0.0,0.0]]}}
{"msg_id":"error_code","data":{"code":["16000000","12000000","12000000","13000000"],"timestamp":1747102442.9082522}}
{"msg_id":"joint_position","data":{"pos":[[0.0,0.0,0.0],[0.16399584486377827,-0.6537878210724237,0.4897999916300044,0.0],[-0.911583067661251,-0.6412146006530086,-0.769219360980188,0.8247528687673668,-0.442559965918958,-0.04020389196127495,-0.4866013577649416],[0.009109898438120838],[0.20824745372806946,-0.6251332484475141,0.6850344053224611,1.391492073854848,0.2767450978364187,0.07918803560007703,0.0010275630903356899],[0.0],[0.0,0.0]]}}
{"msg_id":"error_code","data":{"code":["16000000","12000000","12000000","13000000"],"timestamp":1747102443.0090437}}
{"msg_id":"joint_position","data":{"pos":[[0.0,0.0,0.0],[0.16399584486377827,-0.6537878210724237,0.4897999916300044,0.0],[-0.911583067661251,-0.6412146006530086,-0.769219360980188,0.8247528687673668,-0.442559965918958,-0.04020389196127495,-0.4866013577649416],[0.009109898438120838],[0.20824745372806946,-0.6251332484475141,0.6850344053224611,1.391492073854848,0.2767450978364187,0.07918803560007703,0.0010275630903356899],[0.0],[0.0,0.0]]}}
{"msg_id":"error_code","data":{"code":["16000000","12000000","12000000","13000000"],"timestamp":1747102443.1094944}}
{"msg_id":"joint_position","data":{"pos":[[0.0,0.0,0.0],[0.16399584486377827,-0.6537878210724237,0.4897999916300044,0.0],[-0.911583067661251,-0.6412146006530086,-0.769219360980188,0.8247528687673668,-0.442559965918958,-0.04020389196127495,-0.4866013577649416],[0.009109898438120838],[0.20824745372806946,-0.6251332484475141,0.6850344053224611,1.391492073854848,0.2767450978364187,0.07918803560007703,0.0010275630903356899],[0.0],[0.0,0.0]]}}
{"msg_id":"error_code","data":{"code":["16000000","12000000","12000000","13000000"],"timestamp":1747102443.210487}}
{"msg_id":"joint_position","data":{"pos":[[0.0,0.0,0.0],[0.16399584486377827,-0.6537878210724237,0.4897999916300044,0.0],[-0.911583067661251,-0.6412146006530086,-0.769219360980188,0.8247528687673668,-0.442559965918958,-0.04020389196127495,-0.4866013577649416],[0.009109898438120838],[0.20824745372806946,-0.6251332484475141,0.6850344053224611,1.391492073854848,0.2767450978364187,0.07918803560007703,0.0010275630903356899],[0.0],[0.0,0.0]]}}
{"msg_id":"error_code","data":{"code":["16000000","12000000","12000000","13000000"],"timestamp":1747102443.3115714}}
{"msg_id":"joint_position","data":{"pos":[[0.0,0.0,0.0],[0.16399584486377827,-0.6537878210724237,0.4897999916300044,0.0],[-0.911583067661251,-0.6412146006530086,-0.769219360980188,0.8247528687673668,-0.442559965918958,-0.04020389196127495,-0.4866013577649416],[0.009109898438120838],[0.20824745372806946,-0.6251332484475141,0.6850344053224611,1.391492073854848,0.2767450978364187,0.07918803560007703,0.0010275630903356899],[0.0],[0.0,0.0]]}}
{"msg_id":"error_code","data":{"code":["16000000","12000000","12000000","13000000"],"timestamp":1747102443.4126039}}
{"msg_id":"joint_position","data":{"pos":[[0.0,0.0,0.0],[0.16399584486377827,-0.6537878210724237,0.4897999916300044,0.0],[-0.911583067661251,-0.6412146006530086,-0.769219360980188,0.8247528687673668,-0.442559965918958,-0.04020389196127495,-0.4866013577649416],[0.009109898438120838],[0.20824745372806946,-0.6251332484475141,0.6850344053224611,1.391492073854848,0.2767450978364187,0.07918803560007703,0.0010275630903356899],[0.0],[0.0,0.0]]}}
{"msg_id":"error_code","data":{"code":["16000000","12000000","12000000","13000000"],"timestamp":1747102443.5135956}}
{"msg_id":"joint_position","data":{"pos":[[0.0,0.0,0.0],[0.16399584486377827,-0.6537878210724237,0.4897999916300044,0.0],[-0.911583067661251,-0.6412146006530086,-0.769219360980188,0.8247528687673668,-0.442559965918958,-0.04020389196127495,-0.4866013577649416],[0.009109898438120838],[0.20824745372806946,-0.6251332484475141,0.6850344053224611,1.391492073854848,0.2767450978364187,0.07918803560007703,0.0010275630903356899],[0.0],[0.0,0.0]]}}
{"msg_id":"error_code","data":{"code":["16000000","12000000","12000000","13000000"],"timestamp":1747102443.6147149}}
{"msg_id":"joint_position","data":{"pos":[[0.0,0.0,0.0],[0.16399584486377827,-0.6537878210724237,0.4897999916300044,0.0],[-0.911583067661251,-0.6412146006530086,-0.769219360980188,0.8247528687673668,-0.442559965918958,-0.04020389196127495,-0.4866013577649416],[0.009109898438120838],[0.20824745372806946,-0.6251332484475141,0.6850344053224611,1.391492073854848,0.2767450978364187,0.07918803560007703,0.0010275630903356899],[0.0],[0.0,0.0]]}}
{"msg_id":"error_code","data":{"code":["16000000","12000000","12000000","13000000"],"timestamp":1747102443.7159252}}
{"msg_id":"joint_position","data":{"pos":[[0.0,0.0,0.0],[0.16399584486377827,-0.6537878210724237,0.4897999916300044,0.0],[-0.911583067661251,-0.6412146006530086,-0.769219360980188,0.8247528687673668,-0.442559965918958,-0.04020389196127495,-0.4866013577649416],[0.009109898438120838],[0.20824745372806946,-0.6251332484475141,0.6850344053224611,1.391492073854848,0.2767450978364187,0.07918803560007703,0.0010275630903356899],[0.0],[0.0,0.0]]}}
{"msg_id":"error_code","data":{"code":["16000000","12000000","12000000","13000000"],"timestamp":1747102443.8171616}}
{"msg_id":"joint_position","data":{"pos":[[0.0,0.0,0.0],[0.16399584486377827,-0.6537878210724237,0.4897999916300044,0.0],[-0.911583067661251,-0.6412146006530086,-0.769219360980188,0.8247528687673668,-0.442559965918958,-0.04020389196127495,-0.4866013577649416],[0.009109898438120838],[0.20824745372806946,-0.6251332484475141,0.6850344053224611,1.391492073854848,0.2767450978364187,0.07918803560007703,0.0010275630903356899],[0.0],[0.0,0.0]]}}
{"msg_id":"error_code","data":{"code":["16000000","12000000","12000000","13000000"],"timestamp":1747102443.9175022}}
{"msg_id":"joint_position","data":{"pos":[[0.0,0.0,0.0],[0.16399584486377827,-0.6537878210724237,0.4897999916300044,0.0],[-0.911583067661251,-0.6412146006530086,-0.769219360980188,0.8247528687673668,-0.442559965918958,-0.04020389196127495,-0.4866013577649416],[0.009109898438120838],[0.20824745372806946,-0.6251332484475141,0.6850344053224611,1.391492073854848,0.2767450978364187,0.07918803560007703,0.0010275630903356899],[0.0],[0.0,0.0]]}}
{"msg_id":"error_code","data":{"code":["16000000","12000000","12000000","13000000"],"timestamp":1747102444.018426}}
{"msg_id":"joint_position","data":{"pos":[[0.0,0.0,0.0],[0.16399584486377827,-0.6537878210724237,0.4897999916300044,0.0],[-0.911583067661251,-0.6412146006530086,-0.769219360980188,0.8247528687673668,-0.442559965918958,-0.04020389196127495,-0.4866013577649416],[0.009109898438120838],[0.20824745372806946,-0.6251332484475141,0.6850344053224611,1.391492073854848,0.2767450978364187,0.07918803560007703,0.0010275630903356899],[0.0],[0.0,0.0]]}}
{"msg_id":"error_code","data":{"code":["16000000","12000000","12000000","13000000"],"timestamp":1747102444.1194737}}
{"msg_id":"joint_position","data":{"pos":[[0.0,0.0,0.0],[0.16399584486377827,-0.6537878210724237,0.4897999916300044,0.0],[-0.911583067661251,-0.6412146006530086,-0.769219360980188,0.8247528687673668,-0.442559965918958,-0.04020389196127495,-0.4866013577649416],[0.009109898438120838],[0.20824745372806946,-0.6251332484475141,0.6850344053224611,1.391492073854848,0.2767450978364187,0.07918803560007703,0.0010275630903356899],[0.0],[0.0,0.0]]}}
{"msg_id":"error_code","data":{"code":["16000000","12000000","12000000","13000000"],"timestamp":1747102444.2196805}}
{"msg_id":"joint_position","data":{"pos":[[0.0,0.0,0.0],[0.16399584486377827,-0.6537878210724237,0.4897999916300044,0.0],[-0.911583067661251,-0.6412146006530086,-0.769219360980188,0.8247528687673668,-0.442559965918958,-0.04020389196127495,-0.4866013577649416],[0.009109898438120838],[0.20824745372806946,-0.6251332484475141,0.6850344053224611,1.391492073854848,0.2767450978364187,0.07918803560007703,0.0010275630903356899],[0.0],[0.0,0.0]]}}
{"msg_id":"error_code","data":{"code":["16000000","12000000","12000000","13000000"],"timestamp":1747102444.3208575}}
{"msg_id":"joint_position","data":{"pos":[[0.0,0.0,0.0],[0.16399584486377827,-0.6537878210724237,0.4897999916300044,0.0],[-0.911583067661251,-0.6412146006530086,-0.769219360980188,0.8247528687673668,-0.442559965918958,-0.04020389196127495,-0.4866013577649416],[0.009109898438120838],[0.20824745372806946,-0.6251332484475141,0.6850344053224611,1.391492073854848,0.2767450978364187,0.07918803560007703,0.0010275630903356899],[0.0],[0.0,0.0]]}}
{"msg_id":"error_code","data":{"code":["16000000","12000000","12000000","13000000"],"timestamp":1747102444.4220665}}
{"msg_id":"joint_position","data":{"pos":[[0.0,0.0,0.0],[0.16399584486377827,-0.6537878210724237,0.4897999916300044,0.0],[-0.911583067661251,-0.6412146006530086,-0.769219360980188,0.8247528687673668,-0.442559965918958,-0.04020389196127495,-0.4866013577649416],[0.009109898438120838],[0.20824745372806946,-0.6251332484475141,0.6850344053224611,1.391492073854848,0.2767450978364187,0.07918803560007703,0.0010275630903356899],[0.0],[0.0,0.0]]}}
{"msg_id":"error_code","data":{"code":["16000000","12000000","12000000","13000000"],"timestamp":1747102444.521891}}
{"msg_id":"joint_position","data":{"pos":[[0.0,0.0,0.0],[0.16399584486377827,-0.6537878210724237,0.4897999916300044,0.0],[-0.911583067661251,-0.6412146006530086,-0.769219360980188,0.8247528687673668,-0.442559965918958,-0.04020389196127495,-0.4866013577649416],[0.009109898438120838],[0.20824745372806946,-0.6251332484475141,0.6850344053224611,1.391492073854848,0.2767450978364187,0.07918803560007703,0.0010275630903356899],[0.0],[0.0,0.0]]}}
{"msg_id":"error_code","data":{"code":["16000000","12000000","12000000","13000000"],"timestamp":1747102444.6230826}}
{"msg_id":"joint_position","data":{"pos":[[0.0,0.0,0.0],[0.16399584486377827,-0.6537878210724237,0.4897999916300044,0.0],[-0.911583067661251,-0.6412146006530086,-0.769219360980188,0.8247528687673668,-0.442559965918958,-0.04020389196127495,-0.4866013577649416],[0.009109898438120838],[0.20824745372806946,-0.6251332484475141,0.6850344053224611,1.391492073854848,0.2767450978364187,0.07918803560007703,0.0010275630903356899],[0.0],[0.0,0.0]]}}
{"msg_id":"error_code","data":{"code":["16000000","12000000","12000000","13000000"],"timestamp":1747102444.723363}}
{"msg_id":"joint_position","data":{"pos":[[0.0,0.0,0.0],[0.16399584486377827,-0.6537878210724237,0.4897999916300044,0.0],[-0.911583067661251,-0.6412146006530086,-0.769219360980188,0.8247528687673668,-0.442559965918958,-0.04020389196127495,-0.4866013577649416],[0.009109898438120838],[0.20824745372806946,-0.6251332484475141,0.6850344053224611,1.391492073854848,0.2767450978364187,0.07918803560007703,0.0010275630903356899],[0.0],[0.0,0.0]]}}
{"msg_id":"error_code","data":{"code":["16000000","12000000","12000000","13000000"],"timestamp":1747102444.8245642}}
{"msg_id":"joint_position","data":{"pos":[[0.0,0.0,0.0],[0.16399584486377827,-0.6537878210724237,0.4897999916300044,0.0],[-0.911583067661251,-0.6412146006530086,-0.769219360980188,0.8247528687673668,-0.442559965918958,-0.04020389196127495,-0.4866013577649416],[0.009109898438120838],[0.20824745372806946,-0.6251332484475141,0.6850344053224611,1.391492073854848,0.2767450978364187,0.07918803560007703,0.0010275630903356899],[0.0],[0.0,0.0]]}}
{"msg_id":"error_code","data":{"code":["16000000","12000000","12000000","13000000"],"timestamp":1747102444.924778}}
{"msg_id":"joint_position","data":{"pos":[[0.0,0.0,0.0],[0.16399584486377827,-0.6537878210724237,0.4897999916300044,0.0],[-0.911583067661251,-0.6412146006530086,-0.769219360980188,0.8247528687673668,-0.442559965918958,-0.04020389196127495,-0.4866013577649416],[0.009109898438120838],[0.20824745372806946,-0.6251332484475141,0.6850344053224611,1.391492073854848,0.2767450978364187,0.07918803560007703,0.0010275630903356899],[0.0],[0.0,0.0]]}}
{"msg_id":"error_code","data":{"code":["16000000","12000000","12000000","13000000"],"timestamp":1747102445.025078}}
{"msg_id":"joint_position","data":{"pos":[[0.0,0.0,0.0],[0.16399584486377827,-0.6537878210724237,0.4897999916300044,0.0],[-0.911583067661251,-0.6412146006530086,-0.769219360980188,0.8247528687673668,-0.442559965918958,-0.04020389196127495,-0.4866013577649416],[0.009109898438120838],[0.20824745372806946,-0.6251332484475141,0.6850344053224611,1.391492073854848,0.2767450978364187,0.07918803560007703,0.0010275630903356899],[0.0],[0.0,0.0]]}}
{"msg_id":"error_code","data":{"code":["16000000","12000000","12000000","13000000"],"timestamp":1747102445.1255016}}
{"msg_id":"joint_position","data":{"pos":[[0.0,0.0,0.0],[0.16399584486377827,-0.6537878210724237,0.4897999916300044,0.0],[-0.911583067661251,-0.6412146006530086,-0.769219360980188,0.8247528687673668,-0.442559965918958,-0.04020389196127495,-0.4866013577649416],[0.009109898438120838],[0.20824745372806946,-0.6251332484475141,0.6850344053224611,1.391492073854848,0.2767450978364187,0.07918803560007703,0.0010275630903356899],[0.0],[0.0,0.0]]}}
{"msg_id":"error_code","data":{"code":["16000000","12000000","12000000","13000000"],"timestamp":1747102445.2259805}}
{"msg_id":"joint_position","data":{"pos":[[0.0,0.0,0.0],[0.16399584486377827,-0.6537878210724237,0.4897999916300044,0.0],[-0.911583067661251,-0.6412146006530086,-0.769219360980188,0.8247528687673668,-0.442559965918958,-0.04020389196127495,-0.4866013577649416],[0.009109898438120838],[0.20824745372806946,-0.6251332484475141,0.6850344053224611,1.391492073854848,0.2767450978364187,0.07918803560007703,0.0010275630903356899],[0.0],[0.0,0.0]]}}
{"msg_id":"error_code","data":{"code":["16000000","12000000","12000000","13000000"],"timestamp":1747102445.3268604}}
{"msg_id":"joint_position","data":{"pos":[[0.0,0.0,0.0],[0.16399584486377827,-0.6537878210724237,0.4897999916300044,0.0],[-0.911583067661251,-0.6412146006530086,-0.769219360980188,0.8247528687673668,-0.442559965918958,-0.04020389196127495,-0.4866013577649416],[0.009109898438120838],[0.20824745372806946,-0.6251332484475141,0.6850344053224611,1.391492073854848,0.2767450978364187,0.07918803560007703,0.0010275630903356899],[0.0],[0.0,0.0]]}}
{"msg_id":"error_code","data":{"code":["16000000","12000000","12000000","13000000"],"timestamp":1747102445.4279988}}
{"msg_id":"joint_position","data":{"pos":[[0.0,0.0,0.0],[0.16399584486377827,-0.6537878210724237,0.4897999916300044,0.0],[-0.911583067661251,-0.6412146006530086,-0.769219360980188,0.8247528687673668,-0.442559965918958,-0.04020389196127495,-0.4866013577649416],[0.009109898438120838],[0.20824745372806946,-0.6251332484475141,0.6850344053224611,1.391492073854848,0.2767450978364187,0.07918803560007703,0.0010275630903356899],[0.0],[0.0,0.0]]}}
{"msg_id":"error_code","data":{"code":["16000000","12000000","12000000","13000000"],"timestamp":1747102445.5293837}}
{"msg_id":"joint_position","data":{"pos":[[0.0,0.0,0.0],[0.16399584486377827,-0.6537878210724237,0.4897999916300044,0.0],[-0.911583067661251,-0.6412146006530086,-0.769219360980188,0.8247528687673668,-0.442559965918958,-0.04020389196127495,-0.4866013577649416],[0.009109898438120838],[0.20824745372806946,-0.6251332484475141,0.6850344053224611,1.391492073854848,0.2767450978364187,0.07918803560007703,0.0010275630903356899],[0.0],[0.0,0.0]]}}
{"msg_id":"error_code","data":{"code":["16000000","12000000","12000000","13000000"],"timestamp":1747102445.6304214}}
{"msg_id":"joint_position","data":{"pos":[[0.0,0.0,0.0],[0.16399584486377827,-0.6537878210724237,0.4897999916300044,0.0],[-0.911583067661251,-0.6412146006530086,-0.769219360980188,0.8247528687673668,-0.442559965918958,-0.04020389196127495,-0.4866013577649416],[0.009109898438120838],[0.20824745372806946,-0.6251332484475141,0.6850344053224611,1.391492073854848,0.2767450978364187,0.07918803560007703,0.0010275630903356899],[0.0],[0.0,0.0]]}}
{"msg_id":"error_code","data":{"code":["16000000","12000000","12000000","13000000"],"timestamp":1747102445.7313862}}
{"msg_id":"joint_position","data":{"pos":[[0.0,0.0,0.0],[0.16399584486377827,-0.6537878210724237,0.4897999916300044,0.0],[-0.911583067661251,-0.6412146006530086,-0.769219360980188,0.8247528687673668,-0.442559965918958,-0.04020389196127495,-0.4866013577649416],[0.009109898438120838],[0.20824745372806946,-0.6251332484475141,0.6850344053224611,1.391492073854848,0.2767450978364187,0.07918803560007703,0.0010275630903356899],[0.0],[0.0,0.0]]}}
{"msg_id":"error_code","data":{"code":["16000000","12000000","12000000","13000000"],"timestamp":1747102445.8324537}}
{"msg_id":"joint_position","data":{"pos":[[0.0,0.0,0.0],[0.16399584486377827,-0.6537878210724237,0.4897999916300044,0.0],[-0.911583067661251,-0.6412146006530086,-0.769219360980188,0.8247528687673668,-0.442559965918958,-0.04020389196127495,-0.4866013577649416],[0.009109898438120838],[0.20824745372806946,-0.6251332484475141,0.6850344053224611,1.391492073854848,0.2767450978364187,0.07918803560007703,0.0010275630903356899],[0.0],[0.0,0.0]]}}
{"msg_id":"error_code","data":{"code":["16000000","12000000","12000000","13000000"],"timestamp":1747102445.9334838}}
{"msg_id":"joint_position","data":{"pos":[[0.0,0.0,0.0],[0.16399584486377827,-0.6537878210724237,0.4897999916300044,0.0],[-0.911583067661251,-0.6412146006530086,-0.769219360980188,0.8247528687673668,-0.442559965918958,-0.04020389196127495,-0.4866013577649416],[0.009109898438120838],[0.20824745372806946,-0.6251332484475141,0.6850344053224611,1.391492073854848,0.2767450978364187,0.07918803560007703,0.0010275630903356899],[0.0],[0.0,0.0]]}}
{"msg_id":"error_code","data":{"code":["16000000","12000000","12000000","13000000"],"timestamp":1747102446.033873}}
{"msg_id":"joint_position","data":{"pos":[[0.0,0.0,0.0],[0.16399584486377827,-0.6537878210724237,0.4897999916300044,0.0],[-0.911583067661251,-0.6412146006530086,-0.769219360980188,0.8247528687673668,-0.442559965918958,-0.04020389196127495,-0.4866013577649416],[0.009109898438120838],[0.20824745372806946,-0.6251332484475141,0.6850344053224611,1.391492073854848,0.2767450978364187,0.07918803560007703,0.0010275630903356899],[0.0],[0.0,0.0]]}}
{"msg_id":"error_code","data":{"code":["16000000","12000000","12000000","13000000"],"timestamp":1747102446.1341724}}
{"msg_id":"joint_position","data":{"pos":[[0.0,0.0,0.0],[0.16399584486377827,-0.6537878210724237,0.4897999916300044,0.0],[-0.911583067661251,-0.6412146006530086,-0.769219360980188,0.8247528687673668,-0.442559965918958,-0.04020389196127495,-0.4866013577649416],[0.009109898438120838],[0.20824745372806946,-0.6251332484475141,0.6850344053224611,1.391492073854848,0.2767450978364187,0.07918803560007703,0.0010275630903356899],[0.0],[0.0,0.0]]}}
{"msg_id":"error_code","data":{"code":["16000000","12000000","12000000","13000000"],"timestamp":1747102446.2351573}}
{"msg_id":"joint_position","data":{"pos":[[0.0,0.0,0.0],[0.16399584486377827,-0.6537878210724237,0.4897999916300044,0.0],[-0.911583067661251,-0.6412146006530086,-0.769219360980188,0.8247528687673668,-0.442559965918958,-0.04020389196127495,-0.4866013577649416],[0.009109898438120838],[0.20824745372806946,-0.6251332484475141,0.6850344053224611,1.391492073854848,0.2767450978364187,0.07918803560007703,0.0010275630903356899],[0.0],[0.0,0.0]]}}
{"msg_id":"error_code","data":{"code":["16000000","12000000","12000000","13000000"],"timestamp":1747102446.3364582}}
{"msg_id":"joint_position","data":{"pos":[[0.0,0.0,0.0],[0.16399584486377827,-0.6537878210724237,0.4897999916300044,0.0],[-0.911583067661251,-0.6412146006530086,-0.769219360980188,0.8247528687673668,-0.442559965918958,-0.04020389196127495,-0.4866013577649416],[0.009109898438120838],[0.20824745372806946,-0.6251332484475141,0.6850344053224611,1.391492073854848,0.2767450978364187,0.07918803560007703,0.0010275630903356899],[0.0],[0.0,0.0]]}}
{"msg_id":"error_code","data":{"code":["16000000","12000000","12000000","13000000"],"timestamp":1747102446.436959}}
{"msg_id":"joint_position","data":{"pos":[[0.0,0.0,0.0],[0.16399584486377827,-0.6537878210724237,0.4897999916300044,0.0],[-0.911583067661251,-0.6412146006530086,-0.769219360980188,0.8247528687673668,-0.442559965918958,-0.04020389196127495,-0.4866013577649416],[0.009109898438120838],[0.20824745372806946,-0.6251332484475141,0.6850344053224611,1.391492073854848,0.2767450978364187,0.07918803560007703,0.0010275630903356899],[0.0],[0.0,0.0]]}}
{"msg_id":"error_code","data":{"code":["16000000","12000000","12000000","13000000"],"timestamp":1747102446.5372908}}
{"msg_id":"joint_position","data":{"pos":[[0.0,0.0,0.0],[0.16399584486377827,-0.6537878210724237,0.4897999916300044,0.0],[-0.911583067661251,-0.6412146006530086,-0.769219360980188,0.8247528687673668,-0.442559965918958,-0.04020389196127495,-0.4866013577649416],[0.009109898438120838],[0.20824745372806946,-0.6251332484475141,0.6850344053224611,1.391492073854848,0.2767450978364187,0.07918803560007703,0.0010275630903356899],[0.0],[0.0,0.0]]}}
{"msg_id":"error_code","data":{"code":["16000000","12000000","12000000","13000000"],"timestamp":1747102446.6375372}}
{"msg_id":"joint_position","data":{"pos":[[0.0,0.0,0.0],[0.16399584486377827,-0.6537878210724237,0.4897999916300044,0.0],[-0.911583067661251,-0.6412146006530086,-0.769219360980188,0.8247528687673668,-0.442559965918958,-0.04020389196127495,-0.4866013577649416],[0.009109898438120838],[0.20824745372806946,-0.6251332484475141,0.6850344053224611,1.391492073854848,0.2767450978364187,0.07918803560007703,0.0010275630903356899],[0.0],[0.0,0.0]]}}
{"msg_id":"error_code","data":{"code":["16000000","12000000","12000000","13000000"],"timestamp":1747102446.7387824}}
{"msg_id":"joint_position","data":{"pos":[[0.0,0.0,0.0],[0.16399584486377827,-0.6537878210724237,0.4897999916300044,0.0],[-0.911583067661251,-0.6412146006530086,-0.769219360980188,0.8247528687673668,-0.442559965918958,-0.04020389196127495,-0.4866013577649416],[0.009109898438120838],[0.20824745372806946,-0.6251332484475141,0.6850344053224611,1.391492073854848,0.2767450978364187,0.07918803560007703,0.0010275630903356899],[0.0],[0.0,0.0]]}}
{"msg_id":"error_code","data":{"code":["16000000","12000000","12000000","13000000"],"timestamp":1747102446.8392804}}
{"msg_id":"joint_position","data":{"pos":[[0.0,0.0,0.0],[0.16399584486377827,-0.6537878210724237,0.4897999916300044,0.0],[-0.911583067661251,-0.6412146006530086,-0.769219360980188,0.8247528687673668,-0.442559965918958,-0.04020389196127495,-0.4866013577649416],[0.009109898438120838],[0.20824745372806946,-0.6251332484475141,0.6850344053224611,1.391492073854848,0.2767450978364187,0.07918803560007703,0.0010275630903356899],[0.0],[0.0,0.0]]}}
{"msg_id":"error_code","data":{"code":["16000000","12000000","12000000","13000000"],"timestamp":1747102446.939567}}
{"msg_id":"joint_position","data":{"pos":[[0.0,0.0,0.0],[0.16399584486377827,-0.6537878210724237,0.4897999916300044,0.0],[-0.911583067661251,-0.6412146006530086,-0.769219360980188,0.8247528687673668,-0.442559965918958,-0.04020389196127495,-0.4866013577649416],[0.009109898438120838],[0.20824745372806946,-0.6251332484475141,0.6850344053224611,1.391492073854848,0.2767450978364187,0.07918803560007703,0.0010275630903356899],[0.0],[0.0,0.0]]}}
{"msg_id":"error_code","data":{"code":["16000000","12000000","12000000","13000000"],"timestamp":1747102447.0398464}}
{"msg_id":"joint_position","data":{"pos":[[0.0,0.0,0.0],[0.16399584486377827,-0.6537878210724237,0.4897999916300044,0.0],[-0.911583067661251,-0.6412146006530086,-0.769219360980188,0.8247528687673668,-0.442559965918958,-0.04020389196127495,-0.4866013577649416],[0.009109898438120838],[0.20824745372806946,-0.6251332484475141,0.6850344053224611,1.391492073854848,0.2767450978364187,0.07918803560007703,0.0010275630903356899],[0.0],[0.0,0.0]]}}
{"msg_id":"error_code","data":{"code":["16000000","12000000","12000000","13000000"],"timestamp":1747102447.1401691}}
{"msg_id":"joint_position","data":{"pos":[[0.0,0.0,0.0],[0.16399584486377827,-0.6537878210724237,0.4897999916300044,0.0],[-0.911583067661251,-0.6412146006530086,-0.769219360980188,0.8247528687673668,-0.442559965918958,-0.04020389196127495,-0.4866013577649416],[0.009109898438120838],[0.20824745372806946,-0.6251332484475141,0.6850344053224611,1.391492073854848,0.2767450978364187,0.07918803560007703,0.0010275630903356899],[0.0],[0.0,0.0]]}}
{"msg_id":"error_code","data":{"code":["16000000","12000000","12000000","13000000"],"timestamp":1747102447.240299}}
{"msg_id":"joint_position","data":{"pos":[[0.0,0.0,0.0],[0.16399584486377827,-0.6537878210724237,0.4897999916300044,0.0],[-0.911583067661251,-0.6412146006530086,-0.769219360980188,0.8247528687673668,-0.442559965918958,-0.04020389196127495,-0.4866013577649416],[0.009109898438120838],[0.20824745372806946,-0.6251332484475141,0.6850344053224611,1.391492073854848,0.2767450978364187,0.07918803560007703,0.0010275630903356899],[0.0],[0.0,0.0]]}}
{"msg_id":"error_code","data":{"code":["16000000","12000000","12000000","13000000"],"timestamp":1747102447.3414557}}
{"msg_id":"joint_position","data":{"pos":[[0.0,0.0,0.0],[0.16399584486377827,-0.6537878210724237,0.4897999916300044,0.0],[-0.911583067661251,-0.6412146006530086,-0.769219360980188,0.8247528687673668,-0.442559965918958,-0.04020389196127495,-0.4866013577649416],[0.009109898438120838],[0.20824745372806946,-0.6251332484475141,0.6850344053224611,1.391492073854848,0.2767450978364187,0.07918803560007703,0.0010275630903356899],[0.0],[0.0,0.0]]}}
{"msg_id":"error_code","data":{"code":["16000000","12000000","12000000","13000000"],"timestamp":1747102447.4427342}}
{"msg_id":"joint_position","data":{"pos":[[0.0,0.0,0.0],[0.16399584486377827,-0.6537878210724237,0.4897999916300044,0.0],[-0.911583067661251,-0.6412146006530086,-0.769219360980188,0.8247528687673668,-0.442559965918958,-0.04020389196127495,-0.4866013577649416],[0.009109898438120838],[0.20824745372806946,-0.6251332484475141,0.6850344053224611,1.391492073854848,0.2767450978364187,0.07918803560007703,0.0010275630903356899],[0.0],[0.0,0.0]]}}
{"msg_id":"error_code","data":{"code":["16000000","12000000","12000000","13000000"],"timestamp":1747102447.542762}}
{"msg_id":"joint_position","data":{"pos":[[0.0,0.0,0.0],[0.16399584486377827,-0.6537878210724237,0.4897999916300044,0.0],[-0.911583067661251,-0.6412146006530086,-0.769219360980188,0.8247528687673668,-0.442559965918958,-0.04020389196127495,-0.4866013577649416],[0.009109898438120838],[0.20824745372806946,-0.6251332484475141,0.6850344053224611,1.391492073854848,0.2767450978364187,0.07918803560007703,0.0010275630903356899],[0.0],[0.0,0.0]]}}
{"msg_id":"error_code","data":{"code":["16000000","12000000","12000000","13000000"],"timestamp":1747102447.6437175}}
{"msg_id":"joint_position","data":{"pos":[[0.0,0.0,0.0],[0.16399584486377827,-0.6537878210724237,0.4897999916300044,0.0],[-0.911583067661251,-0.6412146006530086,-0.769219360980188,0.8247528687673668,-0.442559965918958,-0.04020389196127495,-0.4866013577649416],[0.009109898438120838],[0.20824745372806946,-0.6251332484475141,0.6850344053224611,1.391492073854848,0.2767450978364187,0.07918803560007703,0.0010275630903356899],[0.0],[0.0,0.0]]}}
{"msg_id":"error_code","data":{"code":["16000000","12000000","12000000","13000000"],"timestamp":1747102447.744832}}
{"msg_id":"joint_position","data":{"pos":[[0.0,0.0,0.0],[0.16399584486377827,-0.6537878210724237,0.4897999916300044,0.0],[-0.911583067661251,-0.6412146006530086,-0.769219360980188,0.8247528687673668,-0.442559965918958,-0.04020389196127495,-0.4866013577649416],[0.009109898438120838],[0.20824745372806946,-0.6251332484475141,0.6850344053224611,1.391492073854848,0.2767450978364187,0.07918803560007703,0.0010275630903356899],[0.0],[0.0,0.0]]}}
{"msg_id":"error_code","data":{"code":["16000000","12000000","12000000","13000000"],"timestamp":1747102447.8460462}}
{"msg_id":"joint_position","data":{"pos":[[0.0,0.0,0.0],[0.16399584486377827,-0.6537878210724237,0.4897999916300044,0.0],[-0.911583067661251,-0.6412146006530086,-0.769219360980188,0.8247528687673668,-0.442559965918958,-0.04020389196127495,-0.4866013577649416],[0.009109898438120838],[0.20824745372806946,-0.6251332484475141,0.6850344053224611,1.391492073854848,0.2767450978364187,0.07918803560007703,0.0010275630903356899],[0.0],[0.0,0.0]]}}
{"msg_id":"error_code","data":{"code":["16000000","12000000","12000000","13000000"],"timestamp":1747102447.9463296}}
{"msg_id":"joint_position","data":{"pos":[[0.0,0.0,0.0],[0.16399584486377827,-0.6537878210724237,0.4897999916300044,0.0],[-0.911583067661251,-0.6412146006530086,-0.769219360980188,0.8247528687673668,-0.442559965918958,-0.04020389196127495,-0.4866013577649416],[0.009109898438120838],[0.20824745372806946,-0.6251332484475141,0.6850344053224611,1.391492073854848,0.2767450978364187,0.07918803560007703,0.0010275630903356899],[0.0],[0.0,0.0]]}}
{"msg_id":"error_code","data":{"code":["16000000","12000000","12000000","13000000"],"timestamp":1747102448.046806}}
{"msg_id":"joint_position","data":{"pos":[[0.0,0.0,0.0],[0.16399584486377827,-0.6537878210724237,0.4897999916300044,0.0],[-0.911583067661251,-0.6412146006530086,-0.769219360980188,0.8247528687673668,-0.442559965918958,-0.04020389196127495,-0.4866013577649416],[0.009109898438120838],[0.20824745372806946,-0.6251332484475141,0.6850344053224611,1.391492073854848,0.2767450978364187,0.07918803560007703,0.0010275630903356899],[0.0],[0.0,0.0]]}}
{"msg_id":"error_code","data":{"code":["16000000","12000000","12000000","13000000"],"timestamp":1747102448.1474502}}
{"msg_id":"joint_position","data":{"pos":[[0.0,0.0,0.0],[0.16399584486377827,-0.6537878210724237,0.4897999916300044,0.0],[-0.911583067661251,-0.6412146006530086,-0.769219360980188,0.8247528687673668,-0.442559965918958,-0.04020389196127495,-0.4866013577649416],[0.009109898438120838],[0.20824745372806946,-0.6251332484475141,0.6850344053224611,1.391492073854848,0.2767450978364187,0.07918803560007703,0.0010275630903356899],[0.0],[0.0,0.0]]}}
{"msg_id":"error_code","data":{"code":["16000000","12000000","12000000","13000000"],"timestamp":1747102448.249056}}
{"msg_id":"joint_position","data":{"pos":[[0.0,0.0,0.0],[0.16399584486377827,-0.6537878210724237,0.4897999916300044,0.0],[-0.911583067661251,-0.6412146006530086,-0.769219360980188,0.8247528687673668,-0.442559965918958,-0.04020389196127495,-0.4866013577649416],[0.009109898438120838],[0.20824745372806946,-0.6251332484475141,0.6850344053224611,1.391492073854848,0.2767450978364187,0.07918803560007703,0.0010275630903356899],[0.0],[0.0,0.0]]}}
{"msg_id":"error_code","data":{"code":["16000000","12000000","12000000","13000000"],"timestamp":1747102448.3499942}}
{"msg_id":"joint_position","data":{"pos":[[0.0,0.0,0.0],[0.16399584486377827,-0.6537878210724237,0.4897999916300044,0.0],[-0.911583067661251,-0.6412146006530086,-0.769219360980188,0.8247528687673668,-0.442559965918958,-0.04020389196127495,-0.4866013577649416],[0.009109898438120838],[0.20824745372806946,-0.6251332484475141,0.6850344053224611,1.391492073854848,0.2767450978364187,0.07918803560007703,0.0010275630903356899],[0.0],[0.0,0.0]]}}
{"msg_id":"error_code","data":{"code":["16000000","12000000","12000000","13000000"],"timestamp":1747102448.4502585}}
{"msg_id":"joint_position","data":{"pos":[[0.0,0.0,0.0],[0.16399584486377827,-0.6537878210724237,0.4897999916300044,0.0],[-0.911583067661251,-0.6412146006530086,-0.769219360980188,0.8247528687673668,-0.442559965918958,-0.04020389196127495,-0.4866013577649416],[0.009109898438120838],[0.20824745372806946,-0.6251332484475141,0.6850344053224611,1.391492073854848,0.2767450978364187,0.07918803560007703,0.0010275630903356899],[0.0],[0.0,0.0]]}}
{"msg_id":"error_code","data":{"code":["16000000","12000000","12000000","13000000"],"timestamp":1747102448.5513422}}
{"msg_id":"joint_position","data":{"pos":[[0.0,0.0,0.0],[0.16399584486377827,-0.6537878210724237,0.4897999916300044,0.0],[-0.911583067661251,-0.6412146006530086,-0.769219360980188,0.8247528687673668,-0.442559965918958,-0.04020389196127495,-0.4866013577649416],[0.009109898438120838],[0.20824745372806946,-0.6251332484475141,0.6850344053224611,1.391492073854848,0.2767450978364187,0.07918803560007703,0.0010275630903356899],[0.0],[0.0,0.0]]}}
{"msg_id":"error_code","data":{"code":["16000000","12000000","12000000","13000000"],"timestamp":1747102448.6525247}}
{"msg_id":"joint_position","data":{"pos":[[0.0,0.0,0.0],[0.16399584486377827,-0.6537878210724237,0.4897999916300044,0.0],[-0.911583067661251,-0.6412146006530086,-0.769219360980188,0.8247528687673668,-0.442559965918958,-0.04020389196127495,-0.4866013577649416],[0.009109898438120838],[0.20824745372806946,-0.6251332484475141,0.6850344053224611,1.391492073854848,0.2767450978364187,0.07918803560007703,0.0010275630903356899],[0.0],[0.0,0.0]]}}
{"msg_id":"error_code","data":{"code":["16000000","12000000","12000000","13000000"],"timestamp":1747102448.753718}}
{"msg_id":"joint_position","data":{"pos":[[0.0,0.0,0.0],[0.16399584486377827,-0.6537878210724237,0.4897999916300044,0.0],[-0.911583067661251,-0.6412146006530086,-0.769219360980188,0.8247528687673668,-0.442559965918958,-0.04020389196127495,-0.4866013577649416],[0.009109898438120838],[0.20824745372806946,-0.6251332484475141,0.6850344053224611,1.391492073854848,0.2767450978364187,0.07918803560007703,0.0010275630903356899],[0.0],[0.0,0.0]]}}
{"msg_id":"error_code","data":{"code":["16000000","12000000","12000000","13000000"],"timestamp":1747102448.8549037}}
{"msg_id":"joint_position","data":{"pos":[[0.0,0.0,0.0],[0.16399584486377827,-0.6537878210724237,0.4897999916300044,0.0],[-0.911583067661251,-0.6412146006530086,-0.769219360980188,0.8247528687673668,-0.442559965918958,-0.04020389196127495,-0.4866013577649416],[0.009109898438120838],[0.20824745372806946,-0.6251332484475141,0.6850344053224611,1.391492073854848,0.2767450978364187,0.07918803560007703,0.0010275630903356899],[0.0],[0.0,0.0]]}}
{"msg_id":"error_code","data":{"code":["16000000","12000000","12000000","13000000"],"timestamp":1747102448.9558184}}
{"msg_id":"joint_position","data":{"pos":[[0.0,0.0,0.0],[0.16399584486377827,-0.6537878210724237,0.4897999916300044,0.0],[-0.911583067661251,-0.6412146006530086,-0.769219360980188,0.8247528687673668,-0.442559965918958,-0.04020389196127495,-0.4866013577649416],[0.009109898438120838],[0.20824745372806946,-0.6251332484475141,0.6850344053224611,1.391492073854848,0.2767450978364187,0.07918803560007703,0.0010275630903356899],[0.0],[0.0,0.0]]}}
{"msg_id":"error_code","data":{"code":["16000000","12000000","12000000","13000000"],"timestamp":1747102449.0564547}}
{"msg_id":"joint_position","data":{"pos":[[0.0,0.0,0.0],[0.16399584486377827,-0.6537878210724237,0.4897999916300044,0.0],[-0.911583067661251,-0.6412146006530086,-0.769219360980188,0.8247528687673668,-0.442559965918958,-0.04020389196127495,-0.4866013577649416],[0.009109898438120838],[0.20824745372806946,-0.6251332484475141,0.6850344053224611,1.391492073854848,0.2767450978364187,0.07918803560007703,0.0010275630903356899],[0.0],[0.0,0.0]]}}
{"msg_id":"error_code","data":{"code":["16000000","12000000","12000000","13000000"],"timestamp":1747102449.156583}}
{"msg_id":"joint_position","data":{"pos":[[0.0,0.0,0.0],[0.16399584486377827,-0.6537878210724237,0.4897999916300044,0.0],[-0.911583067661251,-0.6412146006530086,-0.769219360980188,0.8247528687673668,-0.442559965918958,-0.04020389196127495,-0.4866013577649416],[0.009109898438120838],[0.20824745372806946,-0.6251332484475141,0.6850344053224611,1.391492073854848,0.2767450978364187,0.07918803560007703,0.0010275630903356899],[0.0],[0.0,0.0]]}}
{"msg_id":"error_code","data":{"code":["16000000","12000000","12000000","13000000"],"timestamp":1747102449.2565653}}
{"msg_id":"joint_position","data":{"pos":[[0.0,0.0,0.0],[0.16399584486377827,-0.6537878210724237,0.4897999916300044,0.0],[-0.911583067661251,-0.6412146006530086,-0.769219360980188,0.8247528687673668,-0.442559965918958,-0.04020389196127495,-0.4866013577649416],[0.009109898438120838],[0.20824745372806946,-0.6251332484475141,0.6850344053224611,1.391492073854848,0.2767450978364187,0.07918803560007703,0.0010275630903356899],[0.0],[0.0,0.0]]}}
{"msg_id":"error_code","data":{"code":["16000000","12000000","12000000","13000000"],"timestamp":1747102449.3578904}}
{"msg_id":"joint_position","data":{"pos":[[0.0,0.0,0.0],[0.16399584486377827,-0.6537878210724237,0.4897999916300044,0.0],[-0.911583067661251,-0.6412146006530086,-0.769219360980188,0.8247528687673668,-0.442559965918958,-0.04020389196127495,-0.4866013577649416],[0.009109898438120838],[0.20824745372806946,-0.6251332484475141,0.6850344053224611,1.391492073854848,0.2767450978364187,0.07918803560007703,0.0010275630903356899],[0.0],[0.0,0.0]]}}
{"msg_id":"error_code","data":{"code":["16000000","12000000","12000000","13000000"],"timestamp":1747102449.458336}}
{"msg_id":"joint_position","data":{"pos":[[0.0,0.0,0.0],[0.16399584486377827,-0.6537878210724237,0.4897999916300044,0.0],[-0.911583067661251,-0.6412146006530086,-0.769219360980188,0.8247528687673668,-0.442559965918958,-0.04020389196127495,-0.4866013577649416],[0.009109898438120838],[0.20824745372806946,-0.6251332484475141,0.6850344053224611,1.391492073854848,0.2767450978364187,0.07918803560007703,0.0010275630903356899],[0.0],[0.0,0.0]]}}
{"msg_id":"error_code","data":{"code":["16000000","12000000","12000000","13000000"],"timestamp":1747102449.5587862}}
{"msg_id":"on_ota_update","data":{"progress":7}}
{"msg_id":"joint_position","data":{"pos":[[0.0,0.0,0.0],[0.16399584486377827,-0.6537878210724237,0.4897999916300044,0.0],[-0.911583067661251,-0.6412146006530086,-0.769219360980188,0.8247528687673668,-0.442559965918958,-0.04020389196127495,-0.4866013577649416],[0.009109898438120838],[0.20824745372806946,-0.6251332484475141,0.6850344053224611,1.391492073854848,0.2767450978364187,0.07918803560007703,0.0010275630903356899],[0.0],[0.0,0.0]]}}
{"msg_id":"error_code","data":{"code":["16000000","12000000","12000000","13000000"],"timestamp":1747102449.6597464}}
{"msg_id":"joint_position","data":{"pos":[[0.0,0.0,0.0],[0.16399584486377827,-0.6537878210724237,0.4897999916300044,0.0],[-0.911583067661251,-0.6412146006530086,-0.769219360980188,0.8247528687673668,-0.442559965918958,-0.04020389196127495,-0.4866013577649416],[0.009109898438120838],[0.20824745372806946,-0.6251332484475141,0.6850344053224611,1.391492073854848,0.2767450978364187,0.07918803560007703,0.0010275630903356899],[0.0],[0.0,0.0]]}}
{"msg_id":"error_code","data":{"code":["16000000","12000000","12000000","13000000"],"timestamp":1747102449.7599943}}
{"msg_id":"joint_position","data":{"pos":[[0.0,0.0,0.0],[0.16399584486377827,-0.6537878210724237,0.4897999916300044,0.0],[-0.911583067661251,-0.6412146006530086,-0.769219360980188,0.8247528687673668,-0.442559965918958,-0.04020389196127495,-0.4866013577649416],[0.009109898438120838],[0.20824745372806946,-0.6251332484475141,0.6850344053224611,1.391492073854848,0.2767450978364187,0.07918803560007703,0.0010275630903356899],[0.0],[0.0,0.0]]}}
{"msg_id":"error_code","data":{"code":["16000000","12000000","12000000","13000000"],"timestamp":1747102449.8607004}}
{"msg_id":"joint_position","data":{"pos":[[0.0,0.0,0.0],[0.16399584486377827,-0.6537878210724237,0.4897999916300044,0.0],[-0.911583067661251,-0.6412146006530086,-0.769219360980188,0.8247528687673668,-0.442559965918958,-0.04020389196127495,-0.4866013577649416],[0.009109898438120838],[0.20824745372806946,-0.6251332484475141,0.6850344053224611,1.391492073854848,0.2767450978364187,0.07918803560007703,0.0010275630903356899],[0.0],[0.0,0.0]]}}
{"msg_id":"error_code","data":{"code":["16000000","12000000","12000000","13000000"],"timestamp":1747102449.9611685}}
{"msg_id":"on_ota_update","data":{"progress":14}}
{"msg_id":"joint_position","data":{"pos":[[0.0,0.0,0.0],[0.16399584486377827,-0.6537878210724237,0.4897999916300044,0.0],[-0.911583067661251,-0.6412146006530086,-0.769219360980188,0.8247528687673668,-0.442559965918958,-0.04020389196127495,-0.4866013577649416],[0.009109898438120838],[0.20824745372806946,-0.6251332484475141,0.6850344053224611,1.391492073854848,0.2767450978364187,0.07918803560007703,0.0010275630903356899],[0.0],[0.0,0.0]]}}
{"msg_id":"error_code","data":{"code":["16000000","12000000","12000000","13000000"],"timestamp":1747102450.06211}}
{"msg_id":"joint_position","data":{"pos":[[0.0,0.0,0.0],[0.16399584486377827,-0.6537878210724237,0.4897999916300044,0.0],[-0.911583067661251,-0.6412146006530086,-0.769219360980188,0.8247528687673668,-0.442559965918958,-0.04020389196127495,-0.4866013577649416],[0.009109898438120838],[0.20824745372806946,-0.6251332484475141,0.6850344053224611,1.391492073854848,0.2767450978364187,0.07918803560007703,0.0010275630903356899],[0.0],[0.0,0.0]]}}
{"msg_id":"error_code","data":{"code":["16000000","12000000","12000000","13000000"],"timestamp":1747102450.1628397}}
{"msg_id":"joint_position","data":{"pos":[[0.0,0.0,0.0],[0.16399584486377827,-0.6537878210724237,0.4897999916300044,0.0],[-0.911583067661251,-0.6412146006530086,-0.769219360980188,0.8247528687673668,-0.442559965918958,-0.04020389196127495,-0.4866013577649416],[0.009109898438120838],[0.20824745372806946,-0.6251332484475141,0.6850344053224611,1.391492073854848,0.2767450978364187,0.07918803560007703,0.0010275630903356899],[0.0],[0.0,0.0]]}}
{"msg_id":"error_code","data":{"code":["16000000","12000000","12000000","13000000"],"timestamp":1747102450.263401}}
{"msg_id":"joint_position","data":{"pos":[[0.0,0.0,0.0],[0.16399584486377827,-0.6537878210724237,0.4897999916300044,0.0],[-0.911583067661251,-0.6412146006530086,-0.769219360980188,0.8247528687673668,-0.442559965918958,-0.04020389196127495,-0.4866013577649416],[0.009109898438120838],[0.20824745372806946,-0.6251332484475141,0.6850344053224611,1.391492073854848,0.2767450978364187,0.07918803560007703,0.0010275630903356899],[0.0],[0.0,0.0]]}}
{"msg_id":"error_code","data":{"code":["16000000","12000000","12000000","13000000"],"timestamp":1747102450.3639095}}
{"msg_id":"joint_position","data":{"pos":[[0.0,0.0,0.0],[0.16399584486377827,-0.6537878210724237,0.4897999916300044,0.0],[-0.911583067661251,-0.6412146006530086,-0.769219360980188,0.8247528687673668,-0.442559965918958,-0.04020389196127495,-0.4866013577649416],[0.009109898438120838],[0.20824745372806946,-0.6251332484475141,0.6850344053224611,1.391492073854848,0.2767450978364187,0.07918803560007703,0.0010275630903356899],[0.0],[0.0,0.0]]}}
{"msg_id":"error_code","data":{"code":["16000000","12000000","12000000","13000000"],"timestamp":1747102450.464368}}
{"msg_id":"joint_position","data":{"pos":[[0.0,0.0,0.0],[0.16399584486377827,-0.6537878210724237,0.4897999916300044,0.0],[-0.911583067661251,-0.6412146006530086,-0.769219360980188,0.8247528687673668,-0.442559965918958,-0.04020389196127495,-0.4866013577649416],[0.009109898438120838],[0.20824745372806946,-0.6251332484475141,0.6850344053224611,1.391492073854848,0.2767450978364187,0.07918803560007703,0.0010275630903356899],[0.0],[0.0,0.0]]}}
{"msg_id":"error_code","data":{"code":["16000000","12000000","12000000","13000000"],"timestamp":1747102450.5649118}}
{"msg_id":"joint_position","data":{"pos":[[0.0,0.0,0.0],[0.16399584486377827,-0.6537878210724237,0.4897999916300044,0.0],[-0.911583067661251,-0.6412146006530086,-0.769219360980188,0.8247528687673668,-0.442559965918958,-0.04020389196127495,-0.4866013577649416],[0.009109898438120838],[0.20824745372806946,-0.6251332484475141,0.6850344053224611,1.391492073854848,0.2767450978364187,0.07918803560007703,0.0010275630903356899],[0.0],[0.0,0.0]]}}
{"msg_id":"error_code","data":{"code":["16000000","12000000","12000000","13000000"],"timestamp":1747102450.6655874}}
{"msg_id":"joint_position","data":{"pos":[[0.0,0.0,0.0],[0.16399584486377827,-0.6537878210724237,0.4897999916300044,0.0],[-0.911583067661251,-0.6412146006530086,-0.769219360980188,0.8247528687673668,-0.442559965918958,-0.04020389196127495,-0.4866013577649416],[0.009109898438120838],[0.20824745372806946,-0.6251332484475141,0.6850344053224611,1.391492073854848,0.2767450978364187,0.07918803560007703,0.0010275630903356899],[0.0],[0.0,0.0]]}}
{"msg_id":"error_code","data":{"code":["16000000","12000000","12000000","13000000"],"timestamp":1747102450.7662368}}
{"msg_id":"joint_position","data":{"pos":[[0.0,0.0,0.0],[0.16399584486377827,-0.6537878210724237,0.4897999916300044,0.0],[-0.911583067661251,-0.6412146006530086,-0.769219360980188,0.8247528687673668,-0.442559965918958,-0.04020389196127495,-0.4866013577649416],[0.009109898438120838],[0.20824745372806946,-0.6251332484475141,0.6850344053224611,1.391492073854848,0.2767450978364187,0.07918803560007703,0.0010275630903356899],[0.0],[0.0,0.0]]}}
{"msg_id":"error_code","data":{"code":["16000000","12000000","12000000","13000000"],"timestamp":1747102450.8667693}}
{"msg_id":"joint_position","data":{"pos":[[0.0,0.0,0.0],[0.16399584486377827,-0.6537878210724237,0.4897999916300044,0.0],[-0.911583067661251,-0.6412146006530086,-0.769219360980188,0.8247528687673668,-0.442559965918958,-0.04020389196127495,-0.4866013577649416],[0.009109898438120838],[0.20824745372806946,-0.6251332484475141,0.6850344053224611,1.391492073854848,0.2767450978364187,0.07918803560007703,0.0010275630903356899],[0.0],[0.0,0.0]]}}
{"msg_id":"error_code","data":{"code":["16000000","12000000","12000000","13000000"],"timestamp":1747102450.9672832}}
{"msg_id":"joint_position","data":{"pos":[[0.0,0.0,0.0],[0.16399584486377827,-0.6537878210724237,0.4897999916300044,0.0],[-0.911583067661251,-0.6412146006530086,-0.769219360980188,0.8247528687673668,-0.442559965918958,-0.04020389196127495,-0.4866013577649416],[0.009109898438120838],[0.20824745372806946,-0.6251332484475141,0.6850344053224611,1.391492073854848,0.2767450978364187,0.07918803560007703,0.0010275630903356899],[0.0],[0.0,0.0]]}}
{"msg_id":"error_code","data":{"code":["16000000","12000000","12000000","13000000"],"timestamp":1747102451.0677857}}
{"msg_id":"joint_position","data":{"pos":[[0.0,0.0,0.0],[0.16399584486377827,-0.6537878210724237,0.4897999916300044,0.0],[-0.911583067661251,-0.6412146006530086,-0.769219360980188,0.8247528687673668,-0.442559965918958,-0.04020389196127495,-0.4866013577649416],[0.009109898438120838],[0.20824745372806946,-0.6251332484475141,0.6850344053224611,1.391492073854848,0.2767450978364187,0.07918803560007703,0.0010275630903356899],[0.0],[0.0,0.0]]}}
{"msg_id":"error_code","data":{"code":["16000000","12000000","12000000","13000000"],"timestamp":1747102451.1683307}}
{"msg_id":"joint_position","data":{"pos":[[0.0,0.0,0.0],[0.16399584486377827,-0.6537878210724237,0.4897999916300044,0.0],[-0.911583067661251,-0.6412146006530086,-0.769219360980188,0.8247528687673668,-0.442559965918958,-0.04020389196127495,-0.4866013577649416],[0.009109898438120838],[0.20824745372806946,-0.6251332484475141,0.6850344053224611,1.391492073854848,0.2767450978364187,0.07918803560007703,0.0010275630903356899],[0.0],[0.0,0.0]]}}
{"msg_id":"error_code","data":{"code":["16000000","12000000","12000000","13000000"],"timestamp":1747102451.2688708}}
{"msg_id":"joint_position","data":{"pos":[[0.0,0.0,0.0],[0.16399584486377827,-0.6537878210724237,0.4897999916300044,0.0],[-0.911583067661251,-0.6412146006530086,-0.769219360980188,0.8247528687673668,-0.442559965918958,-0.04020389196127495,-0.4866013577649416],[0.009109898438120838],[0.20824745372806946,-0.6251332484475141,0.6850344053224611,1.391492073854848,0.2767450978364187,0.07918803560007703,0.0010275630903356899],[0.0],[0.0,0.0]]}}
{"msg_id":"error_code","data":{"code":["16000000","12000000","12000000","13000000"],"timestamp":1747102451.3693802}}
{"msg_id":"joint_position","data":{"pos":[[0.0,0.0,0.0],[0.16399584486377827,-0.6537878210724237,0.4897999916300044,0.0],[-0.911583067661251,-0.6412146006530086,-0.769219360980188,0.8247528687673668,-0.442559965918958,-0.04020389196127495,-0.4866013577649416],[0.009109898438120838],[0.20824745372806946,-0.6251332484475141,0.6850344053224611,1.391492073854848,0.2767450978364187,0.07918803560007703,0.0010275630903356899],[0.0],[0.0,0.0]]}}
{"msg_id":"error_code","data":{"code":["16000000","12000000","12000000","13000000"],"timestamp":1747102451.4699304}}
{"msg_id":"joint_position","data":{"pos":[[0.0,0.0,0.0],[0.16399584486377827,-0.6537878210724237,0.4897999916300044,0.0],[-0.911583067661251,-0.6412146006530086,-0.769219360980188,0.8247528687673668,-0.442559965918958,-0.04020389196127495,-0.4866013577649416],[0.009109898438120838],[0.20824745372806946,-0.6251332484475141,0.6850344053224611,1.391492073854848,0.2767450978364187,0.07918803560007703,0.0010275630903356899],[0.0],[0.0,0.0]]}}
{"msg_id":"error_code","data":{"code":["16000000","12000000","12000000","13000000"],"timestamp":1747102451.5703526}}
{"msg_id":"joint_position","data":{"pos":[[0.0,0.0,0.0],[0.16399584486377827,-0.6537878210724237,0.4897999916300044,0.0],[-0.911583067661251,-0.6412146006530086,-0.769219360980188,0.8247528687673668,-0.442559965918958,-0.04020389196127495,-0.4866013577649416],[0.009109898438120838],[0.20824745372806946,-0.6251332484475141,0.6850344053224611,1.391492073854848,0.2767450978364187,0.07918803560007703,0.0010275630903356899],[0.0],[0.0,0.0]]}}
{"msg_id":"error_code","data":{"code":["16000000","12000000","12000000","13000000"],"timestamp":1747102451.6708415}}
{"msg_id":"joint_position","data":{"pos":[[0.0,0.0,0.0],[0.16399584486377827,-0.6537878210724237,0.4897999916300044,0.0],[-0.911583067661251,-0.6412146006530086,-0.769219360980188,0.8247528687673668,-0.442559965918958,-0.04020389196127495,-0.4866013577649416],[0.009109898438120838],[0.20824745372806946,-0.6251332484475141,0.6850344053224611,1.391492073854848,0.2767450978364187,0.07918803560007703,0.0010275630903356899],[0.0],[0.0,0.0]]}}
{"msg_id":"error_code","data":{"code":["16000000","12000000","12000000","13000000"],"timestamp":1747102451.7713277}}
{"msg_id":"joint_position","data":{"pos":[[0.0,0.0,0.0],[0.16399584486377827,-0.6537878210724237,0.4897999916300044,0.0],[-0.911583067661251,-0.6412146006530086,-0.769219360980188,0.8247528687673668,-0.442559965918958,-0.04020389196127495,-0.4866013577649416],[0.009109898438120838],[0.20824745372806946,-0.6251332484475141,0.6850344053224611,1.391492073854848,0.2767450978364187,0.07918803560007703,0.0010275630903356899],[0.0],[0.0,0.0]]}}
{"msg_id":"error_code","data":{"code":["16000000","12000000","12000000","13000000"],"timestamp":1747102451.8717916}}
{"msg_id":"joint_position","data":{"pos":[[0.0,0.0,0.0],[0.16399584486377827,-0.6537878210724237,0.4897999916300044,0.0],[-0.911583067661251,-0.6412146006530086,-0.769219360980188,0.8247528687673668,-0.442559965918958,-0.04020389196127495,-0.4866013577649416],[0.009109898438120838],[0.20824745372806946,-0.6251332484475141,0.6850344053224611,1.391492073854848,0.2767450978364187,0.07918803560007703,0.0010275630903356899],[0.0],[0.0,0.0]]}}
{"msg_id":"error_code","data":{"code":["16000000","12000000","12000000","13000000"],"timestamp":1747102451.9722633}}
{"msg_id":"joint_position","data":{"pos":[[0.0,0.0,0.0],[0.16399584486377827,-0.6537878210724237,0.4897999916300044,0.0],[-0.911583067661251,-0.6412146006530086,-0.769219360980188,0.8247528687673668,-0.442559965918958,-0.04020389196127495,-0.4866013577649416],[0.009109898438120838],[0.20824745372806946,-0.6251332484475141,0.6850344053224611,1.391492073854848,0.2767450978364187,0.07918803560007703,0.0010275630903356899],[0.0],[0.0,0.0]]}}
{"msg_id":"error_code","data":{"code":["16000000","12000000","12000000","13000000"],"timestamp":1747102452.0728347}}
{"msg_id":"joint_position","data":{"pos":[[0.0,0.0,0.0],[0.16399584486377827,-0.6537878210724237,0.4897999916300044,0.0],[-0.911583067661251,-0.6412146006530086,-0.769219360980188,0.8247528687673668,-0.442559965918958,-0.04020389196127495,-0.4866013577649416],[0.009109898438120838],[0.20824745372806946,-0.6251332484475141,0.6850344053224611,1.391492073854848,0.2767450978364187,0.07918803560007703,0.0010275630903356899],[0.0],[0.0,0.0]]}}
{"msg_id":"error_code","data":{"code":["16000000","12000000","12000000","13000000"],"timestamp":1747102452.1733654}}
{"msg_id":"joint_position","data":{"pos":[[0.0,0.0,0.0],[0.16399584486377827,-0.6537878210724237,0.4897999916300044,0.0],[-0.911583067661251,-0.6412146006530086,-0.769219360980188,0.8247528687673668,-0.442559965918958,-0.04020389196127495,-0.4866013577649416],[0.009109898438120838],[0.20824745372806946,-0.6251332484475141,0.6850344053224611,1.391492073854848,0.2767450978364187,0.07918803560007703,0.0010275630903356899],[0.0],[0.0,0.0]]}}
{"msg_id":"error_code","data":{"code":["16000000","12000000","12000000","13000000"],"timestamp":1747102452.2738502}}
{"msg_id":"joint_position","data":{"pos":[[0.0,0.0,0.0],[0.16399584486377827,-0.6537878210724237,0.4897999916300044,0.0],[-0.911583067661251,-0.6412146006530086,-0.769219360980188,0.8247528687673668,-0.442559965918958,-0.04020389196127495,-0.4866013577649416],[0.009109898438120838],[0.20824745372806946,-0.6251332484475141,0.6850344053224611,1.391492073854848,0.2767450978364187,0.07918803560007703,0.0010275630903356899],[0.0],[0.0,0.0]]}}
{"msg_id":"error_code","data":{"code":["16000000","12000000","12000000","13000000"],"timestamp":1747102452.3742986}}
{"msg_id":"joint_position","data":{"pos":[[0.0,0.0,0.0],[0.16399584486377827,-0.6537878210724237,0.4897999916300044,0.0],[-0.911583067661251,-0.6412146006530086,-0.769219360980188,0.8247528687673668,-0.442559965918958,-0.04020389196127495,-0.4866013577649416],[0.009109898438120838],[0.20824745372806946,-0.6251332484475141,0.6850344053224611,1.391492073854848,0.2767450978364187,0.07918803560007703,0.0010275630903356899],[0.0],[0.0,0.0]]}}
{"msg_id":"error_code","data":{"code":["16000000","12000000","12000000","13000000"],"timestamp":1747102452.47475}}
{"msg_id":"joint_position","data":{"pos":[[0.0,0.0,0.0],[0.16399584486377827,-0.6537878210724237,0.4897999916300044,0.0],[-0.911583067661251,-0.6412146006530086,-0.769219360980188,0.8247528687673668,-0.442559965918958,-0.04020389196127495,-0.4866013577649416],[0.009109898438120838],[0.20824745372806946,-0.6251332484475141,0.6850344053224611,1.391492073854848,0.2767450978364187,0.07918803560007703,0.0010275630903356899],[0.0],[0.0,0.0]]}}
{"msg_id":"error_code","data":{"code":["16000000","12000000","12000000","13000000"],"timestamp":1747102452.575218}}
{"msg_id":"joint_position","data":{"pos":[[0.0,0.0,0.0],[0.16399584486377827,-0.6537878210724237,0.4897999916300044,0.0],[-0.911583067661251,-0.6412146006530086,-0.769219360980188,0.8247528687673668,-0.442559965918958,-0.04020389196127495,-0.4866013577649416],[0.009109898438120838],[0.20824745372806946,-0.6251332484475141,0.6850344053224611,1.391492073854848,0.2767450978364187,0.07918803560007703,0.0010275630903356899],[0.0],[0.0,0.0]]}}
{"msg_id":"error_code","data":{"code":["16000000","12000000","12000000","13000000"],"timestamp":1747102452.6756785}}
{"msg_id":"joint_position","data":{"pos":[[0.0,0.0,0.0],[0.16399584486377827,-0.6537878210724237,0.4897999916300044,0.0],[-0.911583067661251,-0.6412146006530086,-0.769219360980188,0.8247528687673668,-0.442559965918958,-0.04020389196127495,-0.4866013577649416],[0.009109898438120838],[0.20824745372806946,-0.6251332484475141,0.6850344053224611,1.391492073854848,0.2767450978364187,0.07918803560007703,0.0010275630903356899],[0.0],[0.0,0.0]]}}
{"msg_id":"error_code","data":{"code":["16000000","12000000","12000000","13000000"],"timestamp":1747102452.7761357}}
{"msg_id":"joint_position","data":{"pos":[[0.0,0.0,0.0],[0.16399584486377827,-0.6537878210724237,0.4897999916300044,0.0],[-0.911583067661251,-0.6412146006530086,-0.769219360980188,0.8247528687673668,-0.442559965918958,-0.04020389196127495,-0.4866013577649416],[0.009109898438120838],[0.20824745372806946,-0.6251332484475141,0.6850344053224611,1.391492073854848,0.2767450978364187,0.07918803560007703,0.0010275630903356899],[0.0],[0.0,0.0]]}}
{"msg_id":"error_code","data":{"code":["16000000","12000000","12000000","13000000"],"timestamp":1747102452.8765972}}
{"msg_id":"joint_position","data":{"pos":[[0.0,0.0,0.0],[0.16399584486377827,-0.6537878210724237,0.4897999916300044,0.0],[-0.911583067661251,-0.6412146006530086,-0.769219360980188,0.8247528687673668,-0.442559965918958,-0.04020389196127495,-0.4866013577649416],[0.009109898438120838],[0.20824745372806946,-0.6251332484475141,0.6850344053224611,1.391492073854848,0.2767450978364187,0.07918803560007703,0.0010275630903356899],[0.0],[0.0,0.0]]}}
{"msg_id":"error_code","data":{"code":["16000000","12000000","12000000","13000000"],"timestamp":1747102452.9770641}}
{"msg_id":"joint_position","data":{"pos":[[0.0,0.0,0.0],[0.16399584486377827,-0.6537878210724237,0.4897999916300044,0.0],[-0.911583067661251,-0.6412146006530086,-0.769219360980188,0.8247528687673668,-0.442559965918958,-0.04020389196127495,-0.4866013577649416],[0.009109898438120838],[0.20824745372806946,-0.6251332484475141,0.6850344053224611,1.391492073854848,0.2767450978364187,0.07918803560007703,0.0010275630903356899],[0.0],[0.0,0.0]]}}
{"msg_id":"error_code","data":{"code":["16000000","12000000","12000000","13000000"],"timestamp":1747102453.0775518}}
{"msg_id":"joint_position","data":{"pos":[[0.0,0.0,0.0],[0.16399584486377827,-0.6537878210724237,0.4897999916300044,0.0],[-0.911583067661251,-0.6412146006530086,-0.769219360980188,0.8247528687673668,-0.442559965918958,-0.04020389196127495,-0.4866013577649416],[0.009109898438120838],[0.20824745372806946,-0.6251332484475141,0.6850344053224611,1.391492073854848,0.2767450978364187,0.07918803560007703,0.0010275630903356899],[0.0],[0.0,0.0]]}}
{"msg_id":"error_code","data":{"code":["16000000","12000000","12000000","13000000"],"timestamp":1747102453.1780355}}
{"msg_id":"joint_position","data":{"pos":[[0.0,0.0,0.0],[0.16399584486377827,-0.6537878210724237,0.4897999916300044,0.0],[-0.911583067661251,-0.6412146006530086,-0.769219360980188,0.8247528687673668,-0.442559965918958,-0.04020389196127495,-0.4866013577649416],[0.009109898438120838],[0.20824745372806946,-0.6251332484475141,0.6850344053224611,1.391492073854848,0.2767450978364187,0.07918803560007703,0.0010275630903356899],[0.0],[0.0,0.0]]}}
{"msg_id":"error_code","data":{"code":["16000000","12000000","12000000","13000000"],"timestamp":1747102453.2785368}}
{"msg_id":"joint_position","data":{"pos":[[0.0,0.0,0.0],[0.16399584486377827,-0.6537878210724237,0.4897999916300044,0.0],[-0.911583067661251,-0.6412146006530086,-0.769219360980188,0.8247528687673668,-0.442559965918958,-0.04020389196127495,-0.4866013577649416],[0.009109898438120838],[0.20824745372806946,-0.6251332484475141,0.6850344053224611,1.391492073854848,0.2767450978364187,0.07918803560007703,0.0010275630903356899],[0.0],[0.0,0.0]]}}
{"msg_id":"error_code","data":{"code":["16000000","12000000","12000000","13000000"],"timestamp":1747102453.379161}}
{"msg_id":"joint_position","data":{"pos":[[0.0,0.0,0.0],[0.16399584486377827,-0.6537878210724237,0.4897999916300044,0.0],[-0.911583067661251,-0.6412146006530086,-0.769219360980188,0.8247528687673668,-0.442559965918958,-0.04020389196127495,-0.4866013577649416],[0.009109898438120838],[0.20824745372806946,-0.6251332484475141,0.6850344053224611,1.391492073854848,0.2767450978364187,0.07918803560007703,0.0010275630903356899],[0.0],[0.0,0.0]]}}
{"msg_id":"error_code","data":{"code":["16000000","12000000","12000000","13000000"],"timestamp":1747102453.4796183}}
{"msg_id":"joint_position","data":{"pos":[[0.0,0.0,0.0],[0.16399584486377827,-0.6537878210724237,0.4897999916300044,0.0],[-0.911583067661251,-0.6412146006530086,-0.769219360980188,0.8247528687673668,-0.442559965918958,-0.04020389196127495,-0.4866013577649416],[0.009109898438120838],[0.20824745372806946,-0.6251332484475141,0.6850344053224611,1.391492073854848,0.2767450978364187,0.07918803560007703,0.0010275630903356899],[0.0],[0.0,0.0]]}}
{"msg_id":"error_code","data":{"code":["16000000","12000000","12000000","13000000"],"timestamp":1747102453.5800636}}
{"msg_id":"joint_position","data":{"pos":[[0.0,0.0,0.0],[0.16399584486377827,-0.6537878210724237,0.4897999916300044,0.0],[-0.911583067661251,-0.6412146006530086,-0.769219360980188,0.8247528687673668,-0.442559965918958,-0.04020389196127495,-0.4866013577649416],[0.009109898438120838],[0.20824745372806946,-0.6251332484475141,0.6850344053224611,1.391492073854848,0.2767450978364187,0.07918803560007703,0.0010275630903356899],[0.0],[0.0,0.0]]}}
{"msg_id":"error_code","data":{"code":["16000000","12000000","12000000","13000000"],"timestamp":1747102453.6805136}}
{"msg_id":"joint_position","data":{"pos":[[0.0,0.0,0.0],[0.16399584486377827,-0.6537878210724237,0.4897999916300044,0.0],[-0.911583067661251,-0.6412146006530086,-0.769219360980188,0.8247528687673668,-0.442559965918958,-0.04020389196127495,-0.4866013577649416],[0.009109898438120838],[0.20824745372806946,-0.6251332484475141,0.6850344053224611,1.391492073854848,0.2767450978364187,0.07918803560007703,0.0010275630903356899],[0.0],[0.0,0.0]]}}
{"msg_id":"error_code","data":{"code":["16000000","12000000","12000000","13000000"],"timestamp":1747102453.780952}}
{"msg_id":"joint_position","data":{"pos":[[0.0,0.0,0.0],[0.16399584486377827,-0.6537878210724237,0.4897999916300044,0.0],[-0.911583067661251,-0.6412146006530086,-0.769219360980188,0.8247528687673668,-0.442559965918958,-0.04020389196127495,-0.4866013577649416],[0.009109898438120838],[0.20824745372806946,-0.6251332484475141,0.6850344053224611,1.391492073854848,0.2767450978364187,0.07918803560007703,0.0010275630903356899],[0.0],[0.0,0.0]]}}
{"msg_id":"error_code","data":{"code":["16000000","12000000","12000000","13000000"],"timestamp":1747102453.881459}}
{"msg_id":"joint_position","data":{"pos":[[0.0,0.0,0.0],[0.16399584486377827,-0.6537878210724237,0.4897999916300044,0.0],[-0.911583067661251,-0.6412146006530086,-0.769219360980188,0.8247528687673668,-0.442559965918958,-0.04020389196127495,-0.4866013577649416],[0.009109898438120838],[0.20824745372806946,-0.6251332484475141,0.6850344053224611,1.391492073854848,0.2767450978364187,0.07918803560007703,0.0010275630903356899],[0.0],[0.0,0.0]]}}
{"msg_id":"error_code","data":{"code":["16000000","12000000","12000000","13000000"],"timestamp":1747102453.9820113}}
{"msg_id":"joint_position","data":{"pos":[[0.0,0.0,0.0],[0.16399584486377827,-0.6537878210724237,0.4897999916300044,0.0],[-0.911583067661251,-0.6412146006530086,-0.769219360980188,0.8247528687673668,-0.442559965918958,-0.04020389196127495,-0.4866013577649416],[0.009109898438120838],[0.20824745372806946,-0.6251332484475141,0.6850344053224611,1.391492073854848,0.2767450978364187,0.07918803560007703,0.0010275630903356899],[0.0],[0.0,0.0]]}}
{"msg_id":"error_code","data":{"code":["16000000","12000000","12000000","13000000"],"timestamp":1747102454.082645}}
{"msg_id":"joint_position","data":{"pos":[[0.0,0.0,0.0],[0.16399584486377827,-0.6537878210724237,0.4897999916300044,0.0],[-0.911583067661251,-0.6412146006530086,-0.769219360980188,0.8247528687673668,-0.442559965918958,-0.04020389196127495,-0.4866013577649416],[0.009109898438120838],[0.20824745372806946,-0.6251332484475141,0.6850344053224611,1.391492073854848,0.2767450978364187,0.07918803560007703,0.0010275630903356899],[0.0],[0.0,0.0]]}}
{"msg_id":"error_code","data":{"code":["16000000","12000000","12000000","13000000"],"timestamp":1747102454.1833491}}
{"msg_id":"joint_position","data":{"pos":[[0.0,0.0,0.0],[0.16399584486377827,-0.6537878210724237,0.4897999916300044,0.0],[-0.911583067661251,-0.6412146006530086,-0.769219360980188,0.8247528687673668,-0.442559965918958,-0.04020389196127495,-0.4866013577649416],[0.009109898438120838],[0.20824745372806946,-0.6251332484475141,0.6850344053224611,1.391492073854848,0.2767450978364187,0.07918803560007703,0.0010275630903356899],[0.0],[0.0,0.0]]}}
{"msg_id":"error_code","data":{"code":["16000000","12000000","12000000","13000000"],"timestamp":1747102454.2839394}}
{"msg_id":"joint_position","data":{"pos":[[0.0,0.0,0.0],[0.16399584486377827,-0.6537878210724237,0.4897999916300044,0.0],[-0.911583067661251,-0.6412146006530086,-0.769219360980188,0.8247528687673668,-0.442559965918958,-0.04020389196127495,-0.4866013577649416],[0.009109898438120838],[0.20824745372806946,-0.6251332484475141,0.6850344053224611,1.391492073854848,0.2767450978364187,0.07918803560007703,0.0010275630903356899],[0.0],[0.0,0.0]]}}
{"msg_id":"error_code","data":{"code":["16000000","12000000","12000000","13000000"],"timestamp":1747102454.3843622}}
{"msg_id":"joint_position","data":{"pos":[[0.0,0.0,0.0],[0.16399584486377827,-0.6537878210724237,0.4897999916300044,0.0],[-0.911583067661251,-0.6412146006530086,-0.769219360980188,0.8247528687673668,-0.442559965918958,-0.04020389196127495,-0.4866013577649416],[0.009109898438120838],[0.20824745372806946,-0.6251332484475141,0.6850344053224611,1.391492073854848,0.2767450978364187,0.07918803560007703,0.0010275630903356899],[0.0],[0.0,0.0]]}}
{"msg_id":"error_code","data":{"code":["16000000","12000000","12000000","13000000"],"timestamp":1747102454.484859}}
{"msg_id":"joint_position","data":{"pos":[[0.0,0.0,0.0],[0.16399584486377827,-0.6537878210724237,0.4897999916300044,0.0],[-0.911583067661251,-0.6412146006530086,-0.769219360980188,0.8247528687673668,-0.442559965918958,-0.04020389196127495,-0.4866013577649416],[0.009109898438120838],[0.20824745372806946,-0.6251332484475141,0.6850344053224611,1.391492073854848,0.2767450978364187,0.07918803560007703,0.0010275630903356899],[0.0],[0.0,0.0]]}}
{"msg_id":"error_code","data":{"code":["16000000","12000000","12000000","13000000"],"timestamp":1747102454.5853496}}
{"msg_id":"joint_position","data":{"pos":[[0.0,0.0,0.0],[0.16399584486377827,-0.6537878210724237,0.4897999916300044,0.0],[-0.911583067661251,-0.6412146006530086,-0.769219360980188,0.8247528687673668,-0.442559965918958,-0.04020389196127495,-0.4866013577649416],[0.009109898438120838],[0.20824745372806946,-0.6251332484475141,0.6850344053224611,1.391492073854848,0.2767450978364187,0.07918803560007703,0.0010275630903356899],[0.0],[0.0,0.0]]}}
{"msg_id":"error_code","data":{"code":["16000000","12000000","12000000","13000000"],"timestamp":1747102454.68586}}
{"msg_id":"joint_position","data":{"pos":[[0.0,0.0,0.0],[0.16399584486377827,-0.6537878210724237,0.4897999916300044,0.0],[-0.911583067661251,-0.6412146006530086,-0.769219360980188,0.8247528687673668,-0.442559965918958,-0.04020389196127495,-0.4866013577649416],[0.009109898438120838],[0.20824745372806946,-0.6251332484475141,0.6850344053224611,1.391492073854848,0.2767450978364187,0.07918803560007703,0.0010275630903356899],[0.0],[0.0,0.0]]}}
{"msg_id":"error_code","data":{"code":["16000000","12000000","12000000","13000000"],"timestamp":1747102454.7863476}}
{"msg_id":"joint_position","data":{"pos":[[0.0,0.0,0.0],[0.16399584486377827,-0.6537878210724237,0.4897999916300044,0.0],[-0.911583067661251,-0.6412146006530086,-0.769219360980188,0.8247528687673668,-0.442559965918958,-0.04020389196127495,-0.4866013577649416],[0.009109898438120838],[0.20824745372806946,-0.6251332484475141,0.6850344053224611,1.391492073854848,0.2767450978364187,0.07918803560007703,0.0010275630903356899],[0.0],[0.0,0.0]]}}
{"msg_id":"error_code","data":{"code":["16000000","12000000","12000000","13000000"],"timestamp":1747102454.8868282}}
{"msg_id":"joint_position","data":{"pos":[[0.0,0.0,0.0],[0.16399584486377827,-0.6537878210724237,0.4897999916300044,0.0],[-0.911583067661251,-0.6412146006530086,-0.769219360980188,0.8247528687673668,-0.442559965918958,-0.04020389196127495,-0.4866013577649416],[0.009109898438120838],[0.20824745372806946,-0.6251332484475141,0.6850344053224611,1.391492073854848,0.2767450978364187,0.07918803560007703,0.0010275630903356899],[0.0],[0.0,0.0]]}}
{"msg_id":"error_code","data":{"code":["16000000","12000000","12000000","13000000"],"timestamp":1747102454.9872851}}
{"msg_id":"joint_position","data":{"pos":[[0.0,0.0,0.0],[0.16399584486377827,-0.6537878210724237,0.4897999916300044,0.0],[-0.911583067661251,-0.6412146006530086,-0.769219360980188,0.8247528687673668,-0.442559965918958,-0.04020389196127495,-0.4866013577649416],[0.009109898438120838],[0.20824745372806946,-0.6251332484475141,0.6850344053224611,1.391492073854848,0.2767450978364187,0.07918803560007703,0.0010275630903356899],[0.0],[0.0,0.0]]}}
{"msg_id":"error_code","data":{"code":["16000000","12000000","12000000","13000000"],"timestamp":1747102455.0888908}}
{"msg_id":"joint_position","data":{"pos":[[0.0,0.0,0.0],[0.16399584486377827,-0.6537878210724237,0.4897999916300044,0.0],[-0.911583067661251,-0.6412146006530086,-0.769219360980188,0.8247528687673668,-0.442559965918958,-0.04020389196127495,-0.4866013577649416],[0.009109898438120838],[0.20824745372806946,-0.6251332484475141,0.6850344053224611,1.391492073854848,0.2767450978364187,0.07918803560007703,0.0010275630903356899],[0.0],[0.0,0.0]]}}
{"msg_id":"error_code","data":{"code":["16000000","12000000","12000000","13000000"],"timestamp":1747102455.189367}}
{"msg_id":"joint_position","data":{"pos":[[0.0,0.0,0.0],[0.16399584486377827,-0.6537878210724237,0.4897999916300044,0.0],[-0.911583067661251,-0.6412146006530086,-0.769219360980188,0.8247528687673668,-0.442559965918958,-0.04020389196127495,-0.4866013577649416],[0.009109898438120838],[0.20824745372806946,-0.6251332484475141,0.6850344053224611,1.391492073854848,0.2767450978364187,0.07918803560007703,0.0010275630903356899],[0.0],[0.0,0.0]]}}
{"msg_id":"error_code","data":{"code":["16000000","12000000","12000000","13000000"],"timestamp":1747102455.289853}}
{"msg_id":"joint_position","data":{"pos":[[0.0,0.0,0.0],[0.16399584486377827,-0.6537878210724237,0.4897999916300044,0.0],[-0.911583067661251,-0.6412146006530086,-0.769219360980188,0.8247528687673668,-0.442559965918958,-0.04020389196127495,-0.4866013577649416],[0.009109898438120838],[0.20824745372806946,-0.6251332484475141,0.6850344053224611,1.391492073854848,0.2767450978364187,0.07918803560007703,0.0010275630903356899],[0.0],[0.0,0.0]]}}
{"msg_id":"error_code","data":{"code":["16000000","12000000","12000000","13000000"],"timestamp":1747102455.390354}}
{"msg_id":"joint_position","data":{"pos":[[0.0,0.0,0.0],[0.16399584486377827,-0.6537878210724237,0.4897999916300044,0.0],[-0.911583067661251,-0.6412146006530086,-0.769219360980188,0.8247528687673668,-0.442559965918958,-0.04020389196127495,-0.4866013577649416],[0.009109898438120838],[0.20824745372806946,-0.6251332484475141,0.6850344053224611,1.391492073854848,0.2767450978364187,0.07918803560007703,0.0010275630903356899],[0.0],[0.0,0.0]]}}
{"msg_id":"error_code","data":{"code":["16000000","12000000","12000000","13000000"],"timestamp":1747102455.4908187}}
{"msg_id":"joint_position","data":{"pos":[[0.0,0.0,0.0],[0.16399584486377827,-0.6537878210724237,0.4897999916300044,0.0],[-0.911583067661251,-0.6412146006530086,-0.769219360980188,0.8247528687673668,-0.442559965918958,-0.04020389196127495,-0.4866013577649416],[0.009109898438120838],[0.20824745372806946,-0.6251332484475141,0.6850344053224611,1.391492073854848,0.2767450978364187,0.07918803560007703,0.0010275630903356899],[0.0],[0.0,0.0]]}}
{"msg_id":"error_code","data":{"code":["16000000","12000000","12000000","13000000"],"timestamp":1747102455.5912907}}
{"msg_id":"joint_position","data":{"pos":[[0.0,0.0,0.0],[0.16399584486377827,-0.6537878210724237,0.4897999916300044,0.0],[-0.911583067661251,-0.6412146006530086,-0.769219360980188,0.8247528687673668,-0.442559965918958,-0.04020389196127495,-0.4866013577649416],[0.009109898438120838],[0.20824745372806946,-0.6251332484475141,0.6850344053224611,1.391492073854848,0.2767450978364187,0.07918803560007703,0.0010275630903356899],[0.0],[0.0,0.0]]}}
{"msg_id":"error_code","data":{"code":["16000000","12000000","12000000","13000000"],"timestamp":1747102455.6917448}}
{"msg_id":"joint_position","data":{"pos":[[0.0,0.0,0.0],[0.16399584486377827,-0.6537878210724237,0.4897999916300044,0.0],[-0.911583067661251,-0.6412146006530086,-0.769219360980188,0.8247528687673668,-0.442559965918958,-0.04020389196127495,-0.4866013577649416],[0.009109898438120838],[0.20824745372806946,-0.6251332484475141,0.6850344053224611,1.391492073854848,0.2767450978364187,0.07918803560007703,0.0010275630903356899],[0.0],[0.0,0.0]]}}
{"msg_id":"error_code","data":{"code":["16000000","12000000","12000000","13000000"],"timestamp":1747102455.7921886}}
{"msg_id":"joint_position","data":{"pos":[[0.0,0.0,0.0],[0.16399584486377827,-0.6537878210724237,0.4897999916300044,0.0],[-0.911583067661251,-0.6412146006530086,-0.769219360980188,0.8247528687673668,-0.442559965918958,-0.04020389196127495,-0.4866013577649416],[0.009109898438120838],[0.20824745372806946,-0.6251332484475141,0.6850344053224611,1.391492073854848,0.2767450978364187,0.07918803560007703,0.0010275630903356899],[0.0],[0.0,0.0]]}}
{"msg_id":"error_code","data":{"code":["16000000","12000000","12000000","13000000"],"timestamp":1747102455.8926404}}
{"msg_id":"joint_position","data":{"pos":[[0.0,0.0,0.0],[0.16399584486377827,-0.6537878210724237,0.4897999916300044,0.0],[-0.911583067661251,-0.6412146006530086,-0.769219360980188,0.8247528687673668,-0.442559965918958,-0.04020389196127495,-0.4866013577649416],[0.009109898438120838],[0.20824745372806946,-0.6251332484475141,0.6850344053224611,1.391492073854848,0.2767450978364187,0.07918803560007703,0.0010275630903356899],[0.0],[0.0,0.0]]}}
{"msg_id":"error_code","data":{"code":["16000000","12000000","12000000","13000000"],"timestamp":1747102455.9930973}}
{"msg_id":"joint_position","data":{"pos":[[0.0,0.0,0.0],[0.16399584486377827,-0.6537878210724237,0.4897999916300044,0.0],[-0.911583067661251,-0.6412146006530086,-0.769219360980188,0.8247528687673668,-0.442559965918958,-0.04020389196127495,-0.4866013577649416],[0.009109898438120838],[0.20824745372806946,-0.6251332484475141,0.6850344053224611,1.391492073854848,0.2767450978364187,0.07918803560007703,0.0010275630903356899],[0.0],[0.0,0.0]]}}
{"msg_id":"error_code","data":{"code":["16000000","12000000","12000000","13000000"],"timestamp":1747102456.0935662}}
{"msg_id":"joint_position","data":{"pos":[[0.0,0.0,0.0],[0.16399584486377827,-0.6537878210724237,0.4897999916300044,0.0],[-0.911583067661251,-0.6412146006530086,-0.769219360980188,0.8247528687673668,-0.442559965918958,-0.04020389196127495,-0.4866013577649416],[0.009109898438120838],[0.20824745372806946,-0.6251332484475141,0.6850344053224611,1.391492073854848,0.2767450978364187,0.07918803560007703,0.0010275630903356899],[0.0],[0.0,0.0]]}}
{"msg_id":"error_code","data":{"code":["16000000","12000000","12000000","13000000"],"timestamp":1747102456.1940389}}
{"msg_id":"joint_position","data":{"pos":[[0.0,0.0,0.0],[0.16399584486377827,-0.6537878210724237,0.4897999916300044,0.0],[-0.911583067661251,-0.6412146006530086,-0.769219360980188,0.8247528687673668,-0.442559965918958,-0.04020389196127495,-0.4866013577649416],[0.009109898438120838],[0.20824745372806946,-0.6251332484475141,0.6850344053224611,1.391492073854848,0.2767450978364187,0.07918803560007703,0.0010275630903356899],[0.0],[0.0,0.0]]}}
{"msg_id":"error_code","data":{"code":["16000000","12000000","12000000","13000000"],"timestamp":1747102456.2944958}}
{"msg_id":"joint_position","data":{"pos":[[0.0,0.0,0.0],[0.16399584486377827,-0.6537878210724237,0.4897999916300044,0.0],[-0.911583067661251,-0.6412146006530086,-0.769219360980188,0.8247528687673668,-0.442559965918958,-0.04020389196127495,-0.4866013577649416],[0.009109898438120838],[0.20824745372806946,-0.6251332484475141,0.6850344053224611,1.391492073854848,0.2767450978364187,0.07918803560007703,0.0010275630903356899],[0.0],[0.0,0.0]]}}
{"msg_id":"error_code","data":{"code":["16000000","12000000","12000000","13000000"],"timestamp":1747102456.3949463}}
{"msg_id":"joint_position","data":{"pos":[[0.0,0.0,0.0],[0.16399584486377827,-0.6537878210724237,0.4897999916300044,0.0],[-0.911583067661251,-0.6412146006530086,-0.769219360980188,0.8247528687673668,-0.442559965918958,-0.04020389196127495,-0.4866013577649416],[0.009109898438120838],[0.20824745372806946,-0.6251332484475141,0.6850344053224611,1.391492073854848,0.2767450978364187,0.07918803560007703,0.0010275630903356899],[0.0],[0.0,0.0]]}}
{"msg_id":"error_code","data":{"code":["16000000","12000000","12000000","13000000"],"timestamp":1747102456.4953313}}
{"msg_id":"joint_position","data":{"pos":[[0.0,0.0,0.0],[0.16399584486377827,-0.6537878210724237,0.4897999916300044,0.0],[-0.911583067661251,-0.6412146006530086,-0.769219360980188,0.8247528687673668,-0.442559965918958,-0.04020389196127495,-0.4866013577649416],[0.009109898438120838],[0.20824745372806946,-0.6251332484475141,0.6850344053224611,1.391492073854848,0.2767450978364187,0.07918803560007703,0.0010275630903356899],[0.0],[0.0,0.0]]}}
{"msg_id":"error_code","data":{"code":["16000000","12000000","12000000","13000000"],"timestamp":1747102456.5957792}}
{"msg_id":"joint_position","data":{"pos":[[0.0,0.0,0.0],[0.16399584486377827,-0.6537878210724237,0.4897999916300044,0.0],[-0.911583067661251,-0.6412146006530086,-0.769219360980188,0.8247528687673668,-0.442559965918958,-0.04020389196127495,-0.4866013577649416],[0.009109898438120838],[0.20824745372806946,-0.6251332484475141,0.6850344053224611,1.391492073854848,0.2767450978364187,0.07918803560007703,0.0010275630903356899],[0.0],[0.0,0.0]]}}
{"msg_id":"error_code","data":{"code":["16000000","12000000","12000000","13000000"],"timestamp":1747102456.696235}}
{"msg_id":"joint_position","data":{"pos":[[0.0,0.0,0.0],[0.16399584486377827,-0.6537878210724237,0.4897999916300044,0.0],[-0.911583067661251,-0.6412146006530086,-0.769219360980188,0.8247528687673668,-0.442559965918958,-0.04020389196127495,-0.4866013577649416],[0.009109898438120838],[0.20824745372806946,-0.6251332484475141,0.6850344053224611,1.391492073854848,0.2767450978364187,0.07918803560007703,0.0010275630903356899],[0.0],[0.0,0.0]]}}
{"msg_id":"error_code","data":{"code":["16000000","12000000","12000000","13000000"],"timestamp":1747102456.7967234}}
{"msg_id":"joint_position","data":{"pos":[[0.0,0.0,0.0],[0.16399584486377827,-0.6537878210724237,0.4897999916300044,0.0],[-0.911583067661251,-0.6412146006530086,-0.769219360980188,0.8247528687673668,-0.442559965918958,-0.04020389196127495,-0.4866013577649416],[0.009109898438120838],[0.20824745372806946,-0.6251332484475141,0.6850344053224611,1.391492073854848,0.2767450978364187,0.07918803560007703,0.0010275630903356899],[0.0],[0.0,0.0]]}}
{"msg_id":"error_code","data":{"code":["16000000","12000000","12000000","13000000"],"timestamp":1747102456.897228}}
{"msg_id":"joint_position","data":{"pos":[[0.0,0.0,0.0],[0.16399584486377827,-0.6537878210724237,0.4897999916300044,0.0],[-0.911583067661251,-0.6412146006530086,-0.769219360980188,0.8247528687673668,-0.442559965918958,-0.04020389196127495,-0.4866013577649416],[0.009109898438120838],[0.20824745372806946,-0.6251332484475141,0.6850344053224611,1.391492073854848,0.2767450978364187,0.07918803560007703,0.0010275630903356899],[0.0],[0.0,0.0]]}}
{"msg_id":"error_code","data":{"code":["16000000","12000000","12000000","13000000"],"timestamp":1747102456.9976892}}
{"msg_id":"joint_position","data":{"pos":[[0.0,0.0,0.0],[0.16399584486377827,-0.6537878210724237,0.4897999916300044,0.0],[-0.911583067661251,-0.6412146006530086,-0.769219360980188,0.8247528687673668,-0.442559965918958,-0.04020389196127495,-0.4866013577649416],[0.009109898438120838],[0.20824745372806946,-0.6251332484475141,0.6850344053224611,1.391492073854848,0.2767450978364187,0.07918803560007703,0.0010275630903356899],[0.0],[0.0,0.0]]}}
{"msg_id":"error_code","data":{"code":["16000000","12000000","12000000","13000000"],"timestamp":1747102457.098154}}
{"msg_id":"joint_position","data":{"pos":[[0.0,0.0,0.0],[0.16399584486377827,-0.6537878210724237,0.4897999916300044,0.0],[-0.911583067661251,-0.6412146006530086,-0.769219360980188,0.8247528687673668,-0.442559965918958,-0.04020389196127495,-0.4866013577649416],[0.009109898438120838],[0.20824745372806946,-0.6251332484475141,0.6850344053224611,1.391492073854848,0.2767450978364187,0.07918803560007703,0.0010275630903356899],[0.0],[0.0,0.0]]}}
{"msg_id":"error_code","data":{"code":["16000000","12000000","12000000","13000000"],"timestamp":1747102457.1987085}}
{"msg_id":"joint_position","data":{"pos":[[0.0,0.0,0.0],[0.16399584486377827,-0.6537878210724237,0.4897999916300044,0.0],[-0.911583067661251,-0.6412146006530086,-0.769219360980188,0.8247528687673668,-0.442559965918958,-0.04020389196127495,-0.4866013577649416],[0.009109898438120838],[0.20824745372806946,-0.6251332484475141,0.6850344053224611,1.391492073854848,0.2767450978364187,0.07918803560007703,0.0010275630903356899],[0.0],[0.0,0.0]]}}
{"msg_id":"error_code","data":{"code":["16000000","12000000","12000000","13000000"],"timestamp":1747102457.2992046}}
{"msg_id":"joint_position","data":{"pos":[[0.0,0.0,0.0],[0.16399584486377827,-0.6537878210724237,0.4897999916300044,0.0],[-0.911583067661251,-0.6412146006530086,-0.769219360980188,0.8247528687673668,-0.442559965918958,-0.04020389196127495,-0.4866013577649416],[0.009109898438120838],[0.20824745372806946,-0.6251332484475141,0.6850344053224611,1.391492073854848,0.2767450978364187,0.07918803560007703,0.0010275630903356899],[0.0],[0.0,0.0]]}}
{"msg_id":"error_code","data":{"code":["16000000","12000000","12000000","13000000"],"timestamp":1747102457.399673}}
{"msg_id":"joint_position","data":{"pos":[[0.0,0.0,0.0],[0.16399584486377827,-0.6537878210724237,0.4897999916300044,0.0],[-0.911583067661251,-0.6412146006530086,-0.769219360980188,0.8247528687673668,-0.442559965918958,-0.04020389196127495,-0.4866013577649416],[0.009109898438120838],[0.20824745372806946,-0.6251332484475141,0.6850344053224611,1.391492073854848,0.2767450978364187,0.07918803560007703,0.0010275630903356899],[0.0],[0.0,0.0]]}}
{"msg_id":"error_code","data":{"code":["16000000","12000000","12000000","13000000"],"timestamp":1747102457.5001206}}
{"msg_id":"joint_position","data":{"pos":[[0.0,0.0,0.0],[0.16399584486377827,-0.6537878210724237,0.4897999916300044,0.0],[-0.911583067661251,-0.6412146006530086,-0.769219360980188,0.8247528687673668,-0.442559965918958,-0.04020389196127495,-0.4866013577649416],[0.009109898438120838],[0.20824745372806946,-0.6251332484475141,0.6850344053224611,1.391492073854848,0.2767450978364187,0.07918803560007703,0.0010275630903356899],[0.0],[0.0,0.0]]}}
{"msg_id":"error_code","data":{"code":["16000000","12000000","12000000","13000000"],"timestamp":1747102457.6005843}}
{"msg_id":"joint_position","data":{"pos":[[0.0,0.0,0.0],[0.16399584486377827,-0.6537878210724237,0.4897999916300044,0.0],[-0.911583067661251,-0.6412146006530086,-0.769219360980188,0.8247528687673668,-0.442559965918958,-0.04020389196127495,-0.4866013577649416],[0.009109898438120838],[0.20824745372806946,-0.6251332484475141,0.6850344053224611,1.391492073854848,0.2767450978364187,0.07918803560007703,0.0010275630903356899],[0.0],[0.0,0.0]]}}
{"msg_id":"error_code","data":{"code":["16000000","12000000","12000000","13000000"],"timestamp":1747102457.7010562}}
{"msg_id":"joint_position","data":{"pos":[[0.0,0.0,0.0],[0.16399584486377827,-0.6537878210724237,0.4897999916300044,0.0],[-0.911583067661251,-0.6412146006530086,-0.769219360980188,0.8247528687673668,-0.442559965918958,-0.04020389196127495,-0.4866013577649416],[0.009109898438120838],[0.20824745372806946,-0.6251332484475141,0.6850344053224611,1.391492073854848,0.2767450978364187,0.07918803560007703,0.0010275630903356899],[0.0],[0.0,0.0]]}}
{"msg_id":"error_code","data":{"code":["16000000","12000000","12000000","13000000"],"timestamp":1747102457.8015242}}
{"msg_id":"joint_position","data":{"pos":[[0.0,0.0,0.0],[0.16399584486377827,-0.6537878210724237,0.4897999916300044,0.0],[-0.911583067661251,-0.6412146006530086,-0.769219360980188,0.8247528687673668,-0.442559965918958,-0.04020389196127495,-0.4866013577649416],[0.009109898438120838],[0.20824745372806946,-0.6251332484475141,0.6850344053224611,1.391492073854848,0.2767450978364187,0.07918803560007703,0.0010275630903356899],[0.0],[0.0,0.0]]}}
{"msg_id":"error_code","data":{"code":["16000000","12000000","12000000","13000000"],"timestamp":1747102457.901981}}
{"msg_id":"joint_position","data":{"pos":[[0.0,0.0,0.0],[0.16399584486377827,-0.6537878210724237,0.4897999916300044,0.0],[-0.911583067661251,-0.6412146006530086,-0.769219360980188,0.8247528687673668,-0.442559965918958,-0.04020389196127495,-0.4866013577649416],[0.009109898438120838],[0.20824745372806946,-0.6251332484475141,0.6850344053224611,1.391492073854848,0.2767450978364187,0.07918803560007703,0.0010275630903356899],[0.0],[0.0,0.0]]}}
{"msg_id":"error_code","data":{"code":["16000000","12000000","12000000","13000000"],"timestamp":1747102458.0024176}}
{"msg_id":"joint_position","data":{"pos":[[0.0,0.0,0.0],[0.16399584486377827,-0.6537878210724237,0.4897999916300044,0.0],[-0.911583067661251,-0.6412146006530086,-0.769219360980188,0.8247528687673668,-0.442559965918958,-0.04020389196127495,-0.4866013577649416],[0.009109898438120838],[0.20824745372806946,-0.6251332484475141,0.6850344053224611,1.391492073854848,0.2767450978364187,0.07918803560007703,0.0010275630903356899],[0.0],[0.0,0.0]]}}
{"msg_id":"error_code","data":{"code":["16000000","12000000","12000000","13000000"],"timestamp":1747102458.1029758}}
{"msg_id":"joint_position","data":{"pos":[[0.0,0.0,0.0],[0.16399584486377827,-0.6537878210724237,0.4897999916300044,0.0],[-0.911583067661251,-0.6412146006530086,-0.769219360980188,0.8247528687673668,-0.442559965918958,-0.04020389196127495,-0.4866013577649416],[0.009109898438120838],[0.20824745372806946,-0.6251332484475141,0.6850344053224611,1.391492073854848,0.2767450978364187,0.07918803560007703,0.0010275630903356899],[0.0],[0.0,0.0]]}}
{"msg_id":"error_code","data":{"code":["16000000","12000000","12000000","13000000"],"timestamp":1747102458.2035413}}
{"msg_id":"joint_position","data":{"pos":[[0.0,0.0,0.0],[0.16399584486377827,-0.6537878210724237,0.4897999916300044,0.0],[-0.911583067661251,-0.6412146006530086,-0.769219360980188,0.8247528687673668,-0.442559965918958,-0.04020389196127495,-0.4866013577649416],[0.009109898438120838],[0.20824745372806946,-0.6251332484475141,0.6850344053224611,1.391492073854848,0.2767450978364187,0.07918803560007703,0.0010275630903356899],[0.0],[0.0,0.0]]}}
{"msg_id":"error_code","data":{"code":["16000000","12000000","12000000","13000000"],"timestamp":1747102458.304082}}
{"msg_id":"joint_position","data":{"pos":[[0.0,0.0,0.0],[0.16399584486377827,-0.6537878210724237,0.4897999916300044,0.0],[-0.911583067661251,-0.6412146006530086,-0.769219360980188,0.8247528687673668,-0.442559965918958,-0.04020389196127495,-0.4866013577649416],[0.009109898438120838],[0.20824745372806946,-0.6251332484475141,0.6850344053224611,1.391492073854848,0.2767450978364187,0.07918803560007703,0.0010275630903356899],[0.0],[0.0,0.0]]}}
{"msg_id":"error_code","data":{"code":["16000000","12000000","12000000","13000000"],"timestamp":1747102458.404609}}
{"msg_id":"joint_position","data":{"pos":[[0.0,0.0,0.0],[0.16399584486377827,-0.6537878210724237,0.4897999916300044,0.0],[-0.911583067661251,-0.6412146006530086,-0.769219360980188,0.8247528687673668,-0.442559965918958,-0.04020389196127495,-0.4866013577649416],[0.009109898438120838],[0.20824745372806946,-0.6251332484475141,0.6850344053224611,1.391492073854848,0.2767450978364187,0.07918803560007703,0.0010275630903356899],[0.0],[0.0,0.0]]}}
{"msg_id":"error_code","data":{"code":["16000000","12000000","12000000","13000000"],"timestamp":1747102458.505132}}
{"msg_id":"joint_position","data":{"pos":[[0.0,0.0,0.0],[0.16399584486377827,-0.6537878210724237,0.4897999916300044,0.0],[-0.911583067661251,-0.6412146006530086,-0.769219360980188,0.8247528687673668,-0.442559965918958,-0.04020389196127495,-0.4866013577649416],[0.009109898438120838],[0.20824745372806946,-0.6251332484475141,0.6850344053224611,1.391492073854848,0.2767450978364187,0.07918803560007703,0.0010275630903356899],[0.0],[0.0,0.0]]}}
{"msg_id":"error_code","data":{"code":["16000000","12000000","12000000","13000000"],"timestamp":1747102458.605646}}
{"msg_id":"joint_position","data":{"pos":[[0.0,0.0,0.0],[0.16399584486377827,-0.6537878210724237,0.4897999916300044,0.0],[-0.911583067661251,-0.6412146006530086,-0.769219360980188,0.8247528687673668,-0.442559965918958,-0.04020389196127495,-0.4866013577649416],[0.009109898438120838],[0.20824745372806946,-0.6251332484475141,0.6850344053224611,1.391492073854848,0.2767450978364187,0.07918803560007703,0.0010275630903356899],[0.0],[0.0,0.0]]}}
{"msg_id":"error_code","data":{"code":["16000000","12000000","12000000","13000000"],"timestamp":1747102458.7061543}}
{"msg_id":"joint_position","data":{"pos":[[0.0,0.0,0.0],[0.16399584486377827,-0.6537878210724237,0.4897999916300044,0.0],[-0.911583067661251,-0.6412146006530086,-0.769219360980188,0.8247528687673668,-0.442559965918958,-0.04020389196127495,-0.4866013577649416],[0.009109898438120838],[0.20824745372806946,-0.6251332484475141,0.6850344053224611,1.391492073854848,0.2767450978364187,0.07918803560007703,0.0010275630903356899],[0.0],[0.0,0.0]]}}
{"msg_id":"error_code","data":{"code":["16000000","12000000","12000000","13000000"],"timestamp":1747102458.8066566}}
{"msg_id":"joint_position","data":{"pos":[[0.0,0.0,0.0],[0.16399584486377827,-0.6537878210724237,0.4897999916300044,0.0],[-0.911583067661251,-0.6412146006530086,-0.769219360980188,0.8247528687673668,-0.442559965918958,-0.04020389196127495,-0.4866013577649416],[0.009109898438120838],[0.20824745372806946,-0.6251332484475141,0.6850344053224611,1.391492073854848,0.2767450978364187,0.07918803560007703,0.0010275630903356899],[0.0],[0.0,0.0]]}}
{"msg_id":"error_code","data":{"code":["16000000","12000000","12000000","13000000"],"timestamp":1747102458.9071758}}
{"msg_id":"joint_position","data":{"pos":[[0.0,0.0,0.0],[0.16399584486377827,-0.6537878210724237,0.4897999916300044,0.0],[-0.911583067661251,-0.6412146006530086,-0.769219360980188,0.8247528687673668,-0.442559965918958,-0.04020389196127495,-0.4866013577649416],[0.009109898438120838],[0.20824745372806946,-0.6251332484475141,0.6850344053224611,1.391492073854848,0.2767450978364187,0.07918803560007703,0.0010275630903356899],[0.0],[0.0,0.0]]}}
{"msg_id":"error_code","data":{"code":["16000000","12000000","12000000","13000000"],"timestamp":1747102459.0076683}}
{"msg_id":"joint_position","data":{"pos":[[0.0,0.0,0.0],[0.16399584486377827,-0.6537878210724237,0.4897999916300044,0.0],[-0.911583067661251,-0.6412146006530086,-0.769219360980188,0.8247528687673668,-0.442559965918958,-0.04020389196127495,-0.4866013577649416],[0.009109898438120838],[0.20824745372806946,-0.6251332484475141,0.6850344053224611,1.391492073854848,0.2767450978364187,0.07918803560007703,0.0010275630903356899],[0.0],[0.0,0.0]]}}
{"msg_id":"error_code","data":{"code":["16000000","12000000","12000000","13000000"],"timestamp":1747102459.108165}}
{"msg_id":"joint_position","data":{"pos":[[0.0,0.0,0.0],[0.16399584486377827,-0.6537878210724237,0.4897999916300044,0.0],[-0.911583067661251,-0.6412146006530086,-0.769219360980188,0.8247528687673668,-0.442559965918958,-0.04020389196127495,-0.4866013577649416],[0.009109898438120838],[0.20824745372806946,-0.6251332484475141,0.6850344053224611,1.391492073854848,0.2767450978364187,0.07918803560007703,0.0010275630903356899],[0.0],[0.0,0.0]]}}
{"msg_id":"error_code","data":{"code":["16000000","12000000","12000000","13000000"],"timestamp":1747102459.2086756}}
{"msg_id":"joint_position","data":{"pos":[[0.0,0.0,0.0],[0.16399584486377827,-0.6537878210724237,0.4897999916300044,0.0],[-0.911583067661251,-0.6412146006530086,-0.769219360980188,0.8247528687673668,-0.442559965918958,-0.04020389196127495,-0.4866013577649416],[0.009109898438120838],[0.20824745372806946,-0.6251332484475141,0.6850344053224611,1.391492073854848,0.2767450978364187,0.07918803560007703,0.0010275630903356899],[0.0],[0.0,0.0]]}}
{"msg_id":"error_code","data":{"code":["16000000","12000000","12000000","13000000"],"timestamp":1747102459.309181}}
{"msg_id":"joint_position","data":{"pos":[[0.0,0.0,0.0],[0.16399584486377827,-0.6537878210724237,0.4897999916300044,0.0],[-0.911583067661251,-0.6412146006530086,-0.769219360980188,0.8247528687673668,-0.442559965918958,-0.04020389196127495,-0.4866013577649416],[0.009109898438120838],[0.20824745372806946,-0.6251332484475141,0.6850344053224611,1.391492073854848,0.2767450978364187,0.07918803560007703,0.0010275630903356899],[0.0],[0.0,0.0]]}}
{"msg_id":"error_code","data":{"code":["16000000","12000000","12000000","13000000"],"timestamp":1747102459.409678}}
{"msg_id":"joint_position","data":{"pos":[[0.0,0.0,0.0],[0.16399584486377827,-0.6537878210724237,0.4897999916300044,0.0],[-0.911583067661251,-0.6412146006530086,-0.769219360980188,0.8247528687673668,-0.442559965918958,-0.04020389196127495,-0.4866013577649416],[0.009109898438120838],[0.20824745372806946,-0.6251332484475141,0.6850344053224611,1.391492073854848,0.2767450978364187,0.07918803560007703,0.0010275630903356899],[0.0],[0.0,0.0]]}}
{"msg_id":"error_code","data":{"code":["16000000","12000000","12000000","13000000"],"timestamp":1747102459.5101726}}
{"msg_id":"joint_position","data":{"pos":[[0.0,0.0,0.0],[0.16399584486377827,-0.6537878210724237,0.4897999916300044,0.0],[-0.911583067661251,-0.6412146006530086,-0.769219360980188,0.8247528687673668,-0.442559965918958,-0.04020389196127495,-0.4866013577649416],[0.009109898438120838],[0.20824745372806946,-0.6251332484475141,0.6850344053224611,1.391492073854848,0.2767450978364187,0.07918803560007703,0.0010275630903356899],[0.0],[0.0,0.0]]}}
{"msg_id":"error_code","data":{"code":["16000000","12000000","12000000","13000000"],"timestamp":1747102459.6107683}}
{"msg_id":"joint_position","data":{"pos":[[0.0,0.0,0.0],[0.16399584486377827,-0.6537878210724237,0.4897999916300044,0.0],[-0.911583067661251,-0.6412146006530086,-0.769219360980188,0.8247528687673668,-0.442559965918958,-0.04020389196127495,-0.4866013577649416],[0.009109898438120838],[0.20824745372806946,-0.6251332484475141,0.6850344053224611,1.391492073854848,0.2767450978364187,0.07918803560007703,0.0010275630903356899],[0.0],[0.0,0.0]]}}
{"msg_id":"error_code","data":{"code":["16000000","12000000","12000000","13000000"],"timestamp":1747102459.711258}}
{"msg_id":"joint_position","data":{"pos":[[0.0,0.0,0.0],[0.16399584486377827,-0.6537878210724237,0.4897999916300044,0.0],[-0.911583067661251,-0.6412146006530086,-0.769219360980188,0.8247528687673668,-0.442559965918958,-0.04020389196127495,-0.4866013577649416],[0.009109898438120838],[0.20824745372806946,-0.6251332484475141,0.6850344053224611,1.391492073854848,0.2767450978364187,0.07918803560007703,0.0010275630903356899],[0.0],[0.0,0.0]]}}
{"msg_id":"error_code","data":{"code":["16000000","12000000","12000000","13000000"],"timestamp":1747102459.8116937}}
{"msg_id":"joint_position","data":{"pos":[[0.0,0.0,0.0],[0.16399584486377827,-0.6537878210724237,0.4897999916300044,0.0],[-0.911583067661251,-0.6412146006530086,-0.769219360980188,0.8247528687673668,-0.442559965918958,-0.04020389196127495,-0.4866013577649416],[0.009109898438120838],[0.20824745372806946,-0.6251332484475141,0.6850344053224611,1.391492073854848,0.2767450978364187,0.07918803560007703,0.0010275630903356899],[0.0],[0.0,0.0]]}}
{"msg_id":"error_code","data":{"code":["16000000","12000000","12000000","13000000"],"timestamp":1747102459.9121346}}
{"msg_id":"joint_position","data":{"pos":[[0.0,0.0,0.0],[0.16399584486377827,-0.6537878210724237,0.4897999916300044,0.0],[-0.911583067661251,-0.6412146006530086,-0.769219360980188,0.8247528687673668,-0.442559965918958,-0.04020389196127495,-0.4866013577649416],[0.009109898438120838],[0.20824745372806946,-0.6251332484475141,0.6850344053224611,1.391492073854848,0.2767450978364187,0.07918803560007703,0.0010275630903356899],[0.0],[0.0,0.0]]}}
{"msg_id":"error_code","data":{"code":["16000000","12000000","12000000","13000000"],"timestamp":1747102460.0125797}}
{"msg_id":"joint_position","data":{"pos":[[0.0,0.0,0.0],[0.16399584486377827,-0.6537878210724237,0.4897999916300044,0.0],[-0.911583067661251,-0.6412146006530086,-0.769219360980188,0.8247528687673668,-0.442559965918958,-0.04020389196127495,-0.4866013577649416],[0.009109898438120838],[0.20824745372806946,-0.6251332484475141,0.6850344053224611,1.391492073854848,0.2767450978364187,0.07918803560007703,0.0010275630903356899],[0.0],[0.0,0.0]]}}
{"msg_id":"error_code","data":{"code":["16000000","12000000","12000000","13000000"],"timestamp":1747102460.1130173}}
{"msg_id":"joint_position","data":{"pos":[[0.0,0.0,0.0],[0.16399584486377827,-0.6537878210724237,0.4897999916300044,0.0],[-0.911583067661251,-0.6412146006530086,-0.769219360980188,0.8247528687673668,-0.442559965918958,-0.04020389196127495,-0.4866013577649416],[0.009109898438120838],[0.20824745372806946,-0.6251332484475141,0.6850344053224611,1.391492073854848,0.2767450978364187,0.07918803560007703,0.0010275630903356899],[0.0],[0.0,0.0]]}}
{"msg_id":"error_code","data":{"code":["16000000","12000000","12000000","13000000"],"timestamp":1747102460.2134774}}
{"msg_id":"joint_position","data":{"pos":[[0.0,0.0,0.0],[0.16399584486377827,-0.6537878210724237,0.4897999916300044,0.0],[-0.911583067661251,-0.6412146006530086,-0.769219360980188,0.8247528687673668,-0.442559965918958,-0.04020389196127495,-0.4866013577649416],[0.009109898438120838],[0.20824745372806946,-0.6251332484475141,0.6850344053224611,1.391492073854848,0.2767450978364187,0.07918803560007703,0.0010275630903356899],[0.0],[0.0,0.0]]}}
{"msg_id":"error_code","data":{"code":["16000000","12000000","12000000","13000000"],"timestamp":1747102460.3139226}}
{"msg_id":"joint_position","data":{"pos":[[0.0,0.0,0.0],[0.16399584486377827,-0.6537878210724237,0.4897999916300044,0.0],[-0.911583067661251,-0.6412146006530086,-0.769219360980188,0.8247528687673668,-0.442559965918958,-0.04020389196127495,-0.4866013577649416],[0.009109898438120838],[0.20824745372806946,-0.6251332484475141,0.6850344053224611,1.391492073854848,0.2767450978364187,0.07918803560007703,0.0010275630903356899],[0.0],[0.0,0.0]]}}
{"msg_id":"error_code","data":{"code":["16000000","12000000","12000000","13000000"],"timestamp":1747102460.414323}}
{"msg_id":"joint_position","data":{"pos":[[0.0,0.0,0.0],[0.16399584486377827,-0.6537878210724237,0.4897999916300044,0.0],[-0.911583067661251,-0.6412146006530086,-0.769219360980188,0.8247528687673668,-0.442559965918958,-0.04020389196127495,-0.4866013577649416],[0.009109898438120838],[0.20824745372806946,-0.6251332484475141,0.6850344053224611,1.391492073854848,0.2767450978364187,0.07918803560007703,0.0010275630903356899],[0.0],[0.0,0.0]]}}
{"msg_id":"error_code","data":{"code":["16000000","12000000","12000000","13000000"],"timestamp":1747102460.514771}}
{"msg_id":"joint_position","data":{"pos":[[0.0,0.0,0.0],[0.16399584486377827,-0.6537878210724237,0.4897999916300044,0.0],[-0.911583067661251,-0.6412146006530086,-0.769219360980188,0.8247528687673668,-0.442559965918958,-0.04020389196127495,-0.4866013577649416],[0.009109898438120838],[0.20824745372806946,-0.6251332484475141,0.6850344053224611,1.391492073854848,0.2767450978364187,0.07918803560007703,0.0010275630903356899],[0.0],[0.0,0.0]]}}
{"msg_id":"error_code","data":{"code":["16000000","12000000","12000000","13000000"],"timestamp":1747102460.6152532}}
{"msg_id":"joint_position","data":{"pos":[[0.0,0.0,0.0],[0.16399584486377827,-0.6537878210724237,0.4897999916300044,0.0],[-0.911583067661251,-0.6412146006530086,-0.769219360980188,0.8247528687673668,-0.442559965918958,-0.04020389196127495,-0.4866013577649416],[0.009109898438120838],[0.20824745372806946,-0.6251332484475141,0.6850344053224611,1.391492073854848,0.2767450978364187,0.07918803560007703,0.0010275630903356899],[0.0],[0.0,0.0]]}}
{"msg_id":"error_code","data":{"code":["16000000","12000000","12000000","13000000"],"timestamp":1747102460.7157323}}
{"msg_id":"joint_position","data":{"pos":[[0.0,0.0,0.0],[0.16399584486377827,-0.6537878210724237,0.4897999916300044,0.0],[-0.911583067661251,-0.6412146006530086,-0.769219360980188,0.8247528687673668,-0.442559965918958,-0.04020389196127495,-0.4866013577649416],[0.009109898438120838],[0.20824745372806946,-0.6251332484475141,0.6850344053224611,1.391492073854848,0.2767450978364187,0.07918803560007703,0.0010275630903356899],[0.0],[0.0,0.0]]}}
{"msg_id":"error_code","data":{"code":["16000000","12000000","12000000","13000000"],"timestamp":1747102460.8162067}}
{"msg_id":"joint_position","data":{"pos":[[0.0,0.0,0.0],[0.16399584486377827,-0.6537878210724237,0.4897999916300044,0.0],[-0.911583067661251,-0.6412146006530086,-0.769219360980188,0.8247528687673668,-0.442559965918958,-0.04020389196127495,-0.4866013577649416],[0.009109898438120838],[0.20824745372806946,-0.6251332484475141,0.6850344053224611,1.391492073854848,0.2767450978364187,0.07918803560007703,0.0010275630903356899],[0.0],[0.0,0.0]]}}
{"msg_id":"error_code","data":{"code":["16000000","12000000","12000000","13000000"],"timestamp":1747102460.9166574}}
{"msg_id":"joint_position","data":{"pos":[[0.0,0.0,0.0],[0.16399584486377827,-0.6537878210724237,0.4897999916300044,0.0],[-0.911583067661251,-0.6412146006530086,-0.769219360980188,0.8247528687673668,-0.442559965918958,-0.04020389196127495,-0.4866013577649416],[0.009109898438120838],[0.20824745372806946,-0.6251332484475141,0.6850344053224611,1.391492073854848,0.2767450978364187,0.07918803560007703,0.0010275630903356899],[0.0],[0.0,0.0]]}}
{"msg_id":"error_code","data":{"code":["16000000","12000000","12000000","13000000"],"timestamp":1747102461.017112}}
{"msg_id":"joint_position","data":{"pos":[[0.0,0.0,0.0],[0.16399584486377827,-0.6537878210724237,0.4897999916300044,0.0],[-0.911583067661251,-0.6412146006530086,-0.769219360980188,0.8247528687673668,-0.442559965918958,-0.04020389196127495,-0.4866013577649416],[0.009109898438120838],[0.20824745372806946,-0.6251332484475141,0.6850344053224611,1.391492073854848,0.2767450978364187,0.07918803560007703,0.0010275630903356899],[0.0],[0.0,0.0]]}}
{"msg_id":"error_code","data":{"code":["16000000","12000000","12000000","13000000"],"timestamp":1747102461.1175725}}
{"msg_id":"joint_position","data":{"pos":[[0.0,0.0,0.0],[0.16399584486377827,-0.6537878210724237,0.4897999916300044,0.0],[-0.911583067661251,-0.6412146006530086,-0.769219360980188,0.8247528687673668,-0.442559965918958,-0.04020389196127495,-0.4866013577649416],[0.009109898438120838],[0.20824745372806946,-0.6251332484475141,0.6850344053224611,1.391492073854848,0.2767450978364187,0.07918803560007703,0.0010275630903356899],[0.0],[0.0,0.0]]}}
{"msg_id":"error_code","data":{"code":["16000000","12000000","12000000","13000000"],"timestamp":1747102461.2180395}}
{"msg_id":"joint_position","data":{"pos":[[0.0,0.0,0.0],[0.16399584486377827,-0.6537878210724237,0.4897999916300044,0.0],[-0.911583067661251,-0.6412146006530086,-0.769219360980188,0.8247528687673668,-0.442559965918958,-0.04020389196127495,-0.4866013577649416],[0.009109898438120838],[0.20824745372806946,-0.6251332484475141,0.6850344053224611,1.391492073854848,0.2767450978364187,0.07918803560007703,0.0010275630903356899],[0.0],[0.0,0.0]]}}
{"msg_id":"error_code","data":{"code":["16000000","12000000","12000000","13000000"],"timestamp":1747102461.3184955}}
{"msg_id":"joint_position","data":{"pos":[[0.0,0.0,0.0],[0.16399584486377827,-0.6537878210724237,0.4897999916300044,0.0],[-0.911583067661251,-0.6412146006530086,-0.769219360980188,0.8247528687673668,-0.442559965918958,-0.04020389196127495,-0.4866013577649416],[0.009109898438120838],[0.20824745372806946,-0.6251332484475141,0.6850344053224611,1.391492073854848,0.2767450978364187,0.07918803560007703,0.0010275630903356899],[0.0],[0.0,0.0]]}}
{"msg_id":"error_code","data":{"code":["16000000","12000000","12000000","13000000"],"timestamp":1747102461.4193332}}
{"msg_id":"joint_position","data":{"pos":[[0.0,0.0,0.0],[0.16399584486377827,-0.6537878210724237,0.4897999916300044,0.0],[-0.911583067661251,-0.6412146006530086,-0.769219360980188,0.8247528687673668,-0.442559965918958,-0.04020389196127495,-0.4866013577649416],[0.009109898438120838],[0.20824745372806946,-0.6251332484475141,0.6850344053224611,1.391492073854848,0.2767450978364187,0.07918803560007703,0.0010275630903356899],[0.0],[0.0,0.0]]}}
{"msg_id":"error_code","data":{"code":["16000000","12000000","12000000","13000000"],"timestamp":1747102461.5197911}}
{"msg_id":"joint_position","data":{"pos":[[0.0,0.0,0.0],[0.16399584486377827,-0.6537878210724237,0.4897999916300044,0.0],[-0.911583067661251,-0.6412146006530086,-0.769219360980188,0.8247528687673668,-0.442559965918958,-0.04020389196127495,-0.4866013577649416],[0.009109898438120838],[0.20824745372806946,-0.6251332484475141,0.6850344053224611,1.391492073854848,0.2767450978364187,0.07918803560007703,0.0010275630903356899],[0.0],[0.0,0.0]]}}
{"msg_id":"error_code","data":{"code":["16000000","12000000","12000000","13000000"],"timestamp":1747102461.620301}}
{"msg_id":"joint_position","data":{"pos":[[0.0,0.0,0.0],[0.16399584486377827,-0.6537878210724237,0.4897999916300044,0.0],[-0.911583067661251,-0.6412146006530086,-0.769219360980188,0.8247528687673668,-0.442559965918958,-0.04020389196127495,-0.4866013577649416],[0.009109898438120838],[0.20824745372806946,-0.6251332484475141,0.6850344053224611,1.391492073854848,0.2767450978364187,0.07918803560007703,0.0010275630903356899],[0.0],[0.0,0.0]]}}
{"msg_id":"error_code","data":{"code":["16000000","12000000","12000000","13000000"],"timestamp":1747102461.720807}}
{"msg_id":"joint_position","data":{"pos":[[0.0,0.0,0.0],[0.16399584486377827,-0.6537878210724237,0.4897999916300044,0.0],[-0.911583067661251,-0.6412146006530086,-0.769219360980188,0.8247528687673668,-0.442559965918958,-0.04020389196127495,-0.4866013577649416],[0.009109898438120838],[0.20824745372806946,-0.6251332484475141,0.6850344053224611,1.391492073854848,0.2767450978364187,0.07918803560007703,0.0010275630903356899],[0.0],[0.0,0.0]]}}
{"msg_id":"error_code","data":{"code":["16000000","12000000","12000000","13000000"],"timestamp":1747102461.8213255}}
{"msg_id":"joint_position","data":{"pos":[[0.0,0.0,0.0],[0.16399584486377827,-0.6537878210724237,0.4897999916300044,0.0],[-0.911583067661251,-0.6412146006530086,-0.769219360980188,0.8247528687673668,-0.442559965918958,-0.04020389196127495,-0.4866013577649416],[0.009109898438120838],[0.20824745372806946,-0.6251332484475141,0.6850344053224611,1.391492073854848,0.2767450978364187,0.07918803560007703,0.0010275630903356899],[0.0],[0.0,0.0]]}}
{"msg_id":"error_code","data":{"code":["16000000","12000000","12000000","13000000"],"timestamp":1747102461.9218426}}
{"msg_id":"joint_position","data":{"pos":[[0.0,0.0,0.0],[0.16399584486377827,-0.6537878210724237,0.4897999916300044,0.0],[-0.911583067661251,-0.6412146006530086,-0.769219360980188,0.8247528687673668,-0.442559965918958,-0.04020389196127495,-0.4866013577649416],[0.009109898438120838],[0.20824745372806946,-0.6251332484475141,0.6850344053224611,1.391492073854848,0.2767450978364187,0.07918803560007703,0.0010275630903356899],[0.0],[0.0,0.0]]}}
{"msg_id":"error_code","data":{"code":["16000000","12000000","12000000","13000000"],"timestamp":1747102462.022363}}
{"msg_id":"joint_position","data":{"pos":[[0.0,0.0,0.0],[0.16399584486377827,-0.6537878210724237,0.4897999916300044,0.0],[-0.911583067661251,-0.6412146006530086,-0.769219360980188,0.8247528687673668,-0.442559965918958,-0.04020389196127495,-0.4866013577649416],[0.009109898438120838],[0.20824745372806946,-0.6251332484475141,0.6850344053224611,1.391492073854848,0.2767450978364187,0.07918803560007703,0.0010275630903356899],[0.0],[0.0,0.0]]}}
{"msg_id":"error_code","data":{"code":["16000000","12000000","12000000","13000000"],"timestamp":1747102462.1228995}}
{"msg_id":"joint_position","data":{"pos":[[0.0,0.0,0.0],[0.16399584486377827,-0.6537878210724237,0.4897999916300044,0.0],[-0.911583067661251,-0.6412146006530086,-0.769219360980188,0.8247528687673668,-0.442559965918958,-0.04020389196127495,-0.4866013577649416],[0.009109898438120838],[0.20824745372806946,-0.6251332484475141,0.6850344053224611,1.391492073854848,0.2767450978364187,0.07918803560007703,0.0010275630903356899],[0.0],[0.0,0.0]]}}
{"msg_id":"error_code","data":{"code":["16000000","12000000","12000000","13000000"],"timestamp":1747102462.2233782}}
{"msg_id":"joint_position","data":{"pos":[[0.0,0.0,0.0],[0.16399584486377827,-0.6537878210724237,0.4897999916300044,0.0],[-0.911583067661251,-0.6412146006530086,-0.769219360980188,0.8247528687673668,-0.442559965918958,-0.04020389196127495,-0.4866013577649416],[0.009109898438120838],[0.20824745372806946,-0.6251332484475141,0.6850344053224611,1.391492073854848,0.2767450978364187,0.07918803560007703,0.0010275630903356899],[0.0],[0.0,0.0]]}}
{"msg_id":"error_code","data":{"code":["16000000","12000000","12000000","13000000"],"timestamp":1747102462.3238761}}
{"msg_id":"joint_position","data":{"pos":[[0.0,0.0,0.0],[0.16399584486377827,-0.6537878210724237,0.4897999916300044,0.0],[-0.911583067661251,-0.6412146006530086,-0.769219360980188,0.8247528687673668,-0.442559965918958,-0.04020389196127495,-0.4866013577649416],[0.009109898438120838],[0.20824745372806946,-0.6251332484475141,0.6850344053224611,1.391492073854848,0.2767450978364187,0.07918803560007703,0.0010275630903356899],[0.0],[0.0,0.0]]}}
{"msg_id":"error_code","data":{"code":["16000000","12000000","12000000","13000000"],"timestamp":1747102462.4243658}}
{"msg_id":"joint_position","data":{"pos":[[0.0,0.0,0.0],[0.16399584486377827,-0.6537878210724237,0.4897999916300044,0.0],[-0.911583067661251,-0.6412146006530086,-0.769219360980188,0.8247528687673668,-0.442559965918958,-0.04020389196127495,-0.4866013577649416],[0.009109898438120838],[0.20824745372806946,-0.6251332484475141,0.6850344053224611,1.391492073854848,0.2767450978364187,0.07918803560007703,0.0010275630903356899],[0.0],[0.0,0.0]]}}
{"msg_id":"error_code","data":{"code":["16000000","12000000","12000000","13000000"],"timestamp":1747102462.5248659}}
{"msg_id":"joint_position","data":{"pos":[[0.0,0.0,0.0],[0.16399584486377827,-0.6537878210724237,0.4897999916300044,0.0],[-0.911583067661251,-0.6412146006530086,-0.769219360980188,0.8247528687673668,-0.442559965918958,-0.04020389196127495,-0.4866013577649416],[0.009109898438120838],[0.20824745372806946,-0.6251332484475141,0.6850344053224611,1.391492073854848,0.2767450978364187,0.07918803560007703,0.0010275630903356899],[0.0],[0.0,0.0]]}}
{"msg_id":"error_code","data":{"code":["16000000","12000000","12000000","13000000"],"timestamp":1747102462.6253638}}
{"msg_id":"joint_position","data":{"pos":[[0.0,0.0,0.0],[0.16399584486377827,-0.6537878210724237,0.4897999916300044,0.0],[-0.911583067661251,-0.6412146006530086,-0.769219360980188,0.8247528687673668,-0.442559965918958,-0.04020389196127495,-0.4866013577649416],[0.009109898438120838],[0.20824745372806946,-0.6251332484475141,0.6850344053224611,1.391492073854848,0.2767450978364187,0.07918803560007703,0.0010275630903356899],[0.0],[0.0,0.0]]}}
{"msg_id":"error_code","data":{"code":["16000000","12000000","12000000","13000000"],"timestamp":1747102462.7258828}}
{"msg_id":"joint_position","data":{"pos":[[0.0,0.0,0.0],[0.16399584486377827,-0.6537878210724237,0.4897999916300044,0.0],[-0.911583067661251,-0.6412146006530086,-0.769219360980188,0.8247528687673668,-0.442559965918958,-0.04020389196127495,-0.4866013577649416],[0.009109898438120838],[0.20824745372806946,-0.6251332484475141,0.6850344053224611,1.391492073854848,0.2767450978364187,0.07918803560007703,0.0010275630903356899],[0.0],[0.0,0.0]]}}
{"msg_id":"error_code","data":{"code":["16000000","12000000","12000000","13000000"],"timestamp":1747102462.8263626}}
{"msg_id":"joint_position","data":{"pos":[[0.0,0.0,0.0],[0.16399584486377827,-0.6537878210724237,0.4897999916300044,0.0],[-0.911583067661251,-0.6412146006530086,-0.769219360980188,0.8247528687673668,-0.442559965918958,-0.04020389196127495,-0.4866013577649416],[0.009109898438120838],[0.20824745372806946,-0.6251332484475141,0.6850344053224611,1.391492073854848,0.2767450978364187,0.07918803560007703,0.0010275630903356899],[0.0],[0.0,0.0]]}}
{"msg_id":"error_code","data":{"code":["16000000","12000000","12000000","13000000"],"timestamp":1747102462.9268703}}
{"msg_id":"joint_position","data":{"pos":[[0.0,0.0,0.0],[0.16399584486377827,-0.6537878210724237,0.4897999916300044,0.0],[-0.911583067661251,-0.6412146006530086,-0.769219360980188,0.8247528687673668,-0.442559965918958,-0.04020389196127495,-0.4866013577649416],[0.009109898438120838],[0.20824745372806946,-0.6251332484475141,0.6850344053224611,1.391492073854848,0.2767450978364187,0.07918803560007703,0.0010275630903356899],[0.0],[0.0,0.0]]}}
{"msg_id":"error_code","data":{"code":["16000000","12000000","12000000","13000000"],"timestamp":1747102463.0273585}}
{"msg_id":"joint_position","data":{"pos":[[0.0,0.0,0.0],[0.16399584486377827,-0.6537878210724237,0.4897999916300044,0.0],[-0.911583067661251,-0.6412146006530086,-0.769219360980188,0.8247528687673668,-0.442559965918958,-0.04020389196127495,-0.4866013577649416],[0.009109898438120838],[0.20824745372806946,-0.6251332484475141,0.6850344053224611,1.391492073854848,0.2767450978364187,0.07918803560007703,0.0010275630903356899],[0.0],[0.0,0.0]]}}
{"msg_id":"error_code","data":{"code":["16000000","12000000","12000000","13000000"],"timestamp":1747102463.1278398}}
{"msg_id":"joint_position","data":{"pos":[[0.0,0.0,0.0],[0.16399584486377827,-0.6537878210724237,0.4897999916300044,0.0],[-0.911583067661251,-0.6412146006530086,-0.769219360980188,0.8247528687673668,-0.442559965918958,-0.04020389196127495,-0.4866013577649416],[0.009109898438120838],[0.20824745372806946,-0.6251332484475141,0.6850344053224611,1.391492073854848,0.2767450978364187,0.07918803560007703,0.0010275630903356899],[0.0],[0.0,0.0]]}}
{"msg_id":"error_code","data":{"code":["16000000","12000000","12000000","13000000"],"timestamp":1747102463.228343}}
{"msg_id":"joint_position","data":{"pos":[[0.0,0.0,0.0],[0.16399584486377827,-0.6537878210724237,0.4897999916300044,0.0],[-0.911583067661251,-0.6412146006530086,-0.769219360980188,0.8247528687673668,-0.442559965918958,-0.04020389196127495,-0.4866013577649416],[0.009109898438120838],[0.20824745372806946,-0.6251332484475141,0.6850344053224611,1.391492073854848,0.2767450978364187,0.07918803560007703,0.0010275630903356899],[0.0],[0.0,0.0]]}}
{"msg_id":"error_code","data":{"code":["16000000","12000000","12000000","13000000"],"timestamp":1747102463.328832}}
{"msg_id":"joint_position","data":{"pos":[[0.0,0.0,0.0],[0.16399584486377827,-0.6537878210724237,0.4897999916300044,0.0],[-0.911583067661251,-0.6412146006530086,-0.769219360980188,0.8247528687673668,-0.442559965918958,-0.04020389196127495,-0.4866013577649416],[0.009109898438120838],[0.20824745372806946,-0.6251332484475141,0.6850344053224611,1.391492073854848,0.2767450978364187,0.07918803560007703,0.0010275630903356899],[0.0],[0.0,0.0]]}}
{"msg_id":"error_code","data":{"code":["16000000","12000000","12000000","13000000"],"timestamp":1747102463.4293246}}
{"msg_id":"joint_position","data":{"pos":[[0.0,0.0,0.0],[0.16399584486377827,-0.6537878210724237,0.4897999916300044,0.0],[-0.911583067661251,-0.6412146006530086,-0.769219360980188,0.8247528687673668,-0.442559965918958,-0.04020389196127495,-0.4866013577649416],[0.009109898438120838],[0.20824745372806946,-0.6251332484475141,0.6850344053224611,1.391492073854848,0.2767450978364187,0.07918803560007703,0.0010275630903356899],[0.0],[0.0,0.0]]}}
{"msg_id":"error_code","data":{"code":["16000000","12000000","12000000","13000000"],"timestamp":1747102463.5298355}}
{"msg_id":"joint_position","data":{"pos":[[0.0,0.0,0.0],[0.16399584486377827,-0.6537878210724237,0.4897999916300044,0.0],[-0.911583067661251,-0.6412146006530086,-0.769219360980188,0.8247528687673668,-0.442559965918958,-0.04020389196127495,-0.4866013577649416],[0.009109898438120838],[0.20824745372806946,-0.6251332484475141,0.6850344053224611,1.391492073854848,0.2767450978364187,0.07918803560007703,0.0010275630903356899],[0.0],[0.0,0.0]]}}
{"msg_id":"error_code","data":{"code":["16000000","12000000","12000000","13000000"],"timestamp":1747102463.6303456}}
{"msg_id":"joint_position","data":{"pos":[[0.0,0.0,0.0],[0.16399584486377827,-0.6537878210724237,0.4897999916300044,0.0],[-0.911583067661251,-0.6412146006530086,-0.769219360980188,0.8247528687673668,-0.442559965918958,-0.04020389196127495,-0.4866013577649416],[0.009109898438120838],[0.20824745372806946,-0.6251332484475141,0.6850344053224611,1.391492073854848,0.2767450978364187,0.07918803560007703,0.0010275630903356899],[0.0],[0.0,0.0]]}}
{"msg_id":"error_code","data":{"code":["16000000","12000000","12000000","13000000"],"timestamp":1747102463.7308109}}
{"msg_id":"joint_position","data":{"pos":[[0.0,0.0,0.0],[0.16399584486377827,-0.6537878210724237,0.4897999916300044,0.0],[-0.911583067661251,-0.6412146006530086,-0.769219360980188,0.8247528687673668,-0.442559965918958,-0.04020389196127495,-0.4866013577649416],[0.009109898438120838],[0.20824745372806946,-0.6251332484475141,0.6850344053224611,1.391492073854848,0.2767450978364187,0.07918803560007703,0.0010275630903356899],[0.0],[0.0,0.0]]}}
{"msg_id":"error_code","data":{"code":["16000000","12000000","12000000","13000000"],"timestamp":1747102463.8312562}}
{"msg_id":"joint_position","data":{"pos":[[0.0,0.0,0.0],[0.16399584486377827,-0.6537878210724237,0.4897999916300044,0.0],[-0.911583067661251,-0.6412146006530086,-0.769219360980188,0.8247528687673668,-0.442559965918958,-0.04020389196127495,-0.4866013577649416],[0.009109898438120838],[0.20824745372806946,-0.6251332484475141,0.6850344053224611,1.391492073854848,0.2767450978364187,0.07918803560007703,0.0010275630903356899],[0.0],[0.0,0.0]]}}
{"msg_id":"error_code","data":{"code":["16000000","12000000","12000000","13000000"],"timestamp":1747102463.931686}}
{"msg_id":"joint_position","data":{"pos":[[0.0,0.0,0.0],[0.16399584486377827,-0.6537878210724237,0.4897999916300044,0.0],[-0.911583067661251,-0.6412146006530086,-0.769219360980188,0.8247528687673668,-0.442559965918958,-0.04020389196127495,-0.4866013577649416],[0.009109898438120838],[0.20824745372806946,-0.6251332484475141,0.6850344053224611,1.391492073854848,0.2767450978364187,0.07918803560007703,0.0010275630903356899],[0.0],[0.0,0.0]]}}
{"msg_id":"error_code","data":{"code":["16000000","12000000","12000000","13000000"],"timestamp":1747102464.032153}}
{"msg_id":"joint_position","data":{"pos":[[0.0,0.0,0.0],[0.16399584486377827,-0.6537878210724237,0.4897999916300044,0.0],[-0.911583067661251,-0.6412146006530086,-0.769219360980188,0.8247528687673668,-0.442559965918958,-0.04020389196127495,-0.4866013577649416],[0.009109898438120838],[0.20824745372806946,-0.6251332484475141,0.6850344053224611,1.391492073854848,0.2767450978364187,0.07918803560007703,0.0010275630903356899],[0.0],[0.0,0.0]]}}
{"msg_id":"error_code","data":{"code":["16000000","12000000","12000000","13000000"],"timestamp":1747102464.132638}}
{"msg_id":"joint_position","data":{"pos":[[0.0,0.0,0.0],[0.16399584486377827,-0.6537878210724237,0.4897999916300044,0.0],[-0.911583067661251,-0.6412146006530086,-0.769219360980188,0.8247528687673668,-0.442559965918958,-0.04020389196127495,-0.4866013577649416],[0.009109898438120838],[0.20824745372806946,-0.6251332484475141,0.6850344053224611,1.391492073854848,0.2767450978364187,0.07918803560007703,0.0010275630903356899],[0.0],[0.0,0.0]]}}
{"msg_id":"error_code","data":{"code":["16000000","12000000","12000000","13000000"],"timestamp":1747102464.2331297}}
{"msg_id":"joint_position","data":{"pos":[[0.0,0.0,0.0],[0.16399584486377827,-0.6537878210724237,0.4897999916300044,0.0],[-0.911583067661251,-0.6412146006530086,-0.769219360980188,0.8247528687673668,-0.442559965918958,-0.04020389196127495,-0.4866013577649416],[0.009109898438120838],[0.20824745372806946,-0.6251332484475141,0.6850344053224611,1.391492073854848,0.2767450978364187,0.07918803560007703,0.0010275630903356899],[0.0],[0.0,0.0]]}}
{"msg_id":"error_code","data":{"code":["16000000","12000000","12000000","13000000"],"timestamp":1747102464.3336103}}
{"msg_id":"joint_position","data":{"pos":[[0.0,0.0,0.0],[0.16399584486377827,-0.6537878210724237,0.4897999916300044,0.0],[-0.911583067661251,-0.6412146006530086,-0.769219360980188,0.8247528687673668,-0.442559965918958,-0.04020389196127495,-0.4866013577649416],[0.009109898438120838],[0.20824745372806946,-0.6251332484475141,0.6850344053224611,1.391492073854848,0.2767450978364187,0.07918803560007703,0.0010275630903356899],[0.0],[0.0,0.0]]}}
{"msg_id":"error_code","data":{"code":["16000000","12000000","12000000","13000000"],"timestamp":1747102464.434082}}
{"msg_id":"joint_position","data":{"pos":[[0.0,0.0,0.0],[0.16399584486377827,-0.6537878210724237,0.4897999916300044,0.0],[-0.911583067661251,-0.6412146006530086,-0.769219360980188,0.8247528687673668,-0.442559965918958,-0.04020389196127495,-0.4866013577649416],[0.009109898438120838],[0.20824745372806946,-0.6251332484475141,0.6850344053224611,1.391492073854848,0.2767450978364187,0.07918803560007703,0.0010275630903356899],[0.0],[0.0,0.0]]}}
{"msg_id":"error_code","data":{"code":["16000000","12000000","12000000","13000000"],"timestamp":1747102464.5345666}}
{"msg_id":"joint_position","data":{"pos":[[0.0,0.0,0.0],[0.16399584486377827,-0.6537878210724237,0.4897999916300044,0.0],[-0.911583067661251,-0.6412146006530086,-0.769219360980188,0.8247528687673668,-0.442559965918958,-0.04020389196127495,-0.4866013577649416],[0.009109898438120838],[0.20824745372806946,-0.6251332484475141,0.6850344053224611,1.391492073854848,0.2767450978364187,0.07918803560007703,0.0010275630903356899],[0.0],[0.0,0.0]]}}
{"msg_id":"error_code","data":{"code":["16000000","12000000","12000000","13000000"],"timestamp":1747102464.6350274}}
{"msg_id":"joint_position","data":{"pos":[[0.0,0.0,0.0],[0.16399584486377827,-0.6537878210724237,0.4897999916300044,0.0],[-0.911583067661251,-0.6412146006530086,-0.769219360980188,0.8247528687673668,-0.442559965918958,-0.04020389196127495,-0.4866013577649416],[0.009109898438120838],[0.20824745372806946,-0.6251332484475141,0.6850344053224611,1.391492073854848,0.2767450978364187,0.07918803560007703,0.0010275630903356899],[0.0],[0.0,0.0]]}}
{"msg_id":"error_code","data":{"code":["16000000","12000000","12000000","13000000"],"timestamp":1747102464.7354963}}
{"msg_id":"joint_position","data":{"pos":[[0.0,0.0,0.0],[0.16399584486377827,-0.6537878210724237,0.4897999916300044,0.0],[-0.911583067661251,-0.6412146006530086,-0.769219360980188,0.8247528687673668,-0.442559965918958,-0.04020389196127495,-0.4866013577649416],[0.009109898438120838],[0.20824745372806946,-0.6251332484475141,0.6850344053224611,1.391492073854848,0.2767450978364187,0.07918803560007703,0.0010275630903356899],[0.0],[0.0,0.0]]}}
{"msg_id":"error_code","data":{"code":["16000000","12000000","12000000","13000000"],"timestamp":1747102464.8359466}}
{"msg_id":"joint_position","data":{"pos":[[0.0,0.0,0.0],[0.16399584486377827,-0.6537878210724237,0.4897999916300044,0.0],[-0.911583067661251,-0.6412146006530086,-0.769219360980188,0.8247528687673668,-0.442559965918958,-0.04020389196127495,-0.4866013577649416],[0.009109898438120838],[0.20824745372806946,-0.6251332484475141,0.6850344053224611,1.391492073854848,0.2767450978364187,0.07918803560007703,0.0010275630903356899],[0.0],[0.0,0.0]]}}
{"msg_id":"error_code","data":{"code":["16000000","12000000","12000000","13000000"],"timestamp":1747102464.936353}}
{"msg_id":"joint_position","data":{"pos":[[0.0,0.0,0.0],[0.16399584486377827,-0.6537878210724237,0.4897999916300044,0.0],[-0.911583067661251,-0.6412146006530086,-0.769219360980188,0.8247528687673668,-0.442559965918958,-0.04020389196127495,-0.4866013577649416],[0.009109898438120838],[0.20824745372806946,-0.6251332484475141,0.6850344053224611,1.391492073854848,0.2767450978364187,0.07918803560007703,0.0010275630903356899],[0.0],[0.0,0.0]]}}
{"msg_id":"error_code","data":{"code":["16000000","12000000","12000000","13000000"],"timestamp":1747102465.0368228}}
{"msg_id":"joint_position","data":{"pos":[[0.0,0.0,0.0],[0.16399584486377827,-0.6537878210724237,0.4897999916300044,0.0],[-0.911583067661251,-0.6412146006530086,-0.769219360980188,0.8247528687673668,-0.442559965918958,-0.04020389196127495,-0.4866013577649416],[0.009109898438120838],[0.20824745372806946,-0.6251332484475141,0.6850344053224611,1.391492073854848,0.2767450978364187,0.07918803560007703,0.0010275630903356899],[0.0],[0.0,0.0]]}}
{"msg_id":"error_code","data":{"code":["16000000","12000000","12000000","13000000"],"timestamp":1747102465.1373117}}
{"msg_id":"joint_position","data":{"pos":[[0.0,0.0,0.0],[0.16399584486377827,-0.6537878210724237,0.4897999916300044,0.0],[-0.911583067661251,-0.6412146006530086,-0.769219360980188,0.8247528687673668,-0.442559965918958,-0.04020389196127495,-0.4866013577649416],[0.009109898438120838],[0.20824745372806946,-0.6251332484475141,0.6850344053224611,1.391492073854848,0.2767450978364187,0.07918803560007703,0.0010275630903356899],[0.0],[0.0,0.0]]}}
{"msg_id":"error_code","data":{"code":["16000000","12000000","12000000","13000000"],"timestamp":1747102465.2377992}}
{"msg_id":"joint_position","data":{"pos":[[0.0,0.0,0.0],[0.16399584486377827,-0.6537878210724237,0.4897999916300044,0.0],[-0.911583067661251,-0.6412146006530086,-0.769219360980188,0.8247528687673668,-0.442559965918958,-0.04020389196127495,-0.4866013577649416],[0.009109898438120838],[0.20824745372806946,-0.6251332484475141,0.6850344053224611,1.391492073854848,0.2767450978364187,0.07918803560007703,0.0010275630903356899],[0.0],[0.0,0.0]]}}
{"msg_id":"error_code","data":{"code":["16000000","12000000","12000000","13000000"],"timestamp":1747102465.3382952}}
{"msg_id":"joint_position","data":{"pos":[[0.0,0.0,0.0],[0.16399584486377827,-0.6537878210724237,0.4897999916300044,0.0],[-0.911583067661251,-0.6412146006530086,-0.769219360980188,0.8247528687673668,-0.442559965918958,-0.04020389196127495,-0.4866013577649416],[0.009109898438120838],[0.20824745372806946,-0.6251332484475141,0.6850344053224611,1.391492073854848,0.2767450978364187,0.07918803560007703,0.0010275630903356899],[0.0],[0.0,0.0]]}}
{"msg_id":"error_code","data":{"code":["16000000","12000000","12000000","13000000"],"timestamp":1747102465.4387596}}
{"msg_id":"joint_position","data":{"pos":[[0.0,0.0,0.0],[0.16399584486377827,-0.6537878210724237,0.4897999916300044,0.0],[-0.911583067661251,-0.6412146006530086,-0.769219360980188,0.8247528687673668,-0.442559965918958,-0.04020389196127495,-0.4866013577649416],[0.009109898438120838],[0.20824745372806946,-0.6251332484475141,0.6850344053224611,1.391492073854848,0.2767450978364187,0.07918803560007703,0.0010275630903356899],[0.0],[0.0,0.0]]}}
{"msg_id":"error_code","data":{"code":["16000000","12000000","12000000","13000000"],"timestamp":1747102465.5392394}}
{"msg_id":"joint_position","data":{"pos":[[0.0,0.0,0.0],[0.16399584486377827,-0.6537878210724237,0.4897999916300044,0.0],[-0.911583067661251,-0.6412146006530086,-0.769219360980188,0.8247528687673668,-0.442559965918958,-0.04020389196127495,-0.4866013577649416],[0.009109898438120838],[0.20824745372806946,-0.6251332484475141,0.6850344053224611,1.391492073854848,0.2767450978364187,0.07918803560007703,0.0010275630903356899],[0.0],[0.0,0.0]]}}
{"msg_id":"error_code","data":{"code":["16000000","12000000","12000000","13000000"],"timestamp":1747102465.639758}}
{"msg_id":"joint_position","data":{"pos":[[0.0,0.0,0.0],[0.16399584486377827,-0.6537878210724237,0.4897999916300044,0.0],[-0.911583067661251,-0.6412146006530086,-0.769219360980188,0.8247528687673668,-0.442559965918958,-0.04020389196127495,-0.4866013577649416],[0.009109898438120838],[0.20824745372806946,-0.6251332484475141,0.6850344053224611,1.391492073854848,0.2767450978364187,0.07918803560007703,0.0010275630903356899],[0.0],[0.0,0.0]]}}
{"msg_id":"error_code","data":{"code":["16000000","12000000","12000000","13000000"],"timestamp":1747102465.7404246}}
{"msg_id":"joint_position","data":{"pos":[[0.0,0.0,0.0],[0.16399584486377827,-0.6537878210724237,0.4897999916300044,0.0],[-0.911583067661251,-0.6412146006530086,-0.769219360980188,0.8247528687673668,-0.442559965918958,-0.04020389196127495,-0.4866013577649416],[0.009109898438120838],[0.20824745372806946,-0.6251332484475141,0.6850344053224611,1.391492073854848,0.2767450978364187,0.07918803560007703,0.0010275630903356899],[0.0],[0.0,0.0]]}}
{"msg_id":"error_code","data":{"code":["16000000","12000000","12000000","13000000"],"timestamp":1747102465.8410823}}
{"msg_id":"joint_position","data":{"pos":[[0.0,0.0,0.0],[0.16399584486377827,-0.6537878210724237,0.4897999916300044,0.0],[-0.911583067661251,-0.6412146006530086,-0.769219360980188,0.8247528687673668,-0.442559965918958,-0.04020389196127495,-0.4866013577649416],[0.009109898438120838],[0.20824745372806946,-0.6251332484475141,0.6850344053224611,1.391492073854848,0.2767450978364187,0.07918803560007703,0.0010275630903356899],[0.0],[0.0,0.0]]}}
{"msg_id":"error_code","data":{"code":["16000000","12000000","12000000","13000000"],"timestamp":1747102465.9416802}}
{"msg_id":"joint_position","data":{"pos":[[0.0,0.0,0.0],[0.16399584486377827,-0.6537878210724237,0.4897999916300044,0.0],[-0.911583067661251,-0.6412146006530086,-0.769219360980188,0.8247528687673668,-0.442559965918958,-0.04020389196127495,-0.4866013577649416],[0.009109898438120838],[0.20824745372806946,-0.6251332484475141,0.6850344053224611,1.391492073854848,0.2767450978364187,0.07918803560007703,0.0010275630903356899],[0.0],[0.0,0.0]]}}
{"msg_id":"error_code","data":{"code":["16000000","12000000","12000000","13000000"],"timestamp":1747102466.0423014}}
{"msg_id":"joint_position","data":{"pos":[[0.0,0.0,0.0],[0.16399584486377827,-0.6537878210724237,0.4897999916300044,0.0],[-0.911583067661251,-0.6412146006530086,-0.769219360980188,0.8247528687673668,-0.442559965918958,-0.04020389196127495,-0.4866013577649416],[0.009109898438120838],[0.20824745372806946,-0.6251332484475141,0.6850344053224611,1.391492073854848,0.2767450978364187,0.07918803560007703,0.0010275630903356899],[0.0],[0.0,0.0]]}}
{"msg_id":"error_code","data":{"code":["16000000","12000000","12000000","13000000"],"timestamp":1747102466.1428366}}
{"msg_id":"joint_position","data":{"pos":[[0.0,0.0,0.0],[0.16399584486377827,-0.6537878210724237,0.4897999916300044,0.0],[-0.911583067661251,-0.6412146006530086,-0.769219360980188,0.8247528687673668,-0.442559965918958,-0.04020389196127495,-0.4866013577649416],[0.009109898438120838],[0.20824745372806946,-0.6251332484475141,0.6850344053224611,1.391492073854848,0.2767450978364187,0.07918803560007703,0.0010275630903356899],[0.0],[0.0,0.0]]}}
{"msg_id":"error_code","data":{"code":["16000000","12000000","12000000","13000000"],"timestamp":1747102466.2434607}}
{"msg_id":"joint_position","data":{"pos":[[0.0,0.0,0.0],[0.16399584486377827,-0.6537878210724237,0.4897999916300044,0.0],[-0.911583067661251,-0.6412146006530086,-0.769219360980188,0.8247528687673668,-0.442559965918958,-0.04020389196127495,-0.4866013577649416],[0.009109898438120838],[0.20824745372806946,-0.6251332484475141,0.6850344053224611,1.391492073854848,0.2767450978364187,0.07918803560007703,0.0010275630903356899],[0.0],[0.0,0.0]]}}
{"msg_id":"error_code","data":{"code":["16000000","12000000","12000000","13000000"],"timestamp":1747102466.3441033}}
{"msg_id":"joint_position","data":{"pos":[[0.0,0.0,0.0],[0.16399584486377827,-0.6537878210724237,0.4897999916300044,0.0],[-0.911583067661251,-0.6412146006530086,-0.769219360980188,0.8247528687673668,-0.442559965918958,-0.04020389196127495,-0.4866013577649416],[0.009109898438120838],[0.20824745372806946,-0.6251332484475141,0.6850344053224611,1.391492073854848,0.2767450978364187,0.07918803560007703,0.0010275630903356899],[0.0],[0.0,0.0]]}}
{"msg_id":"error_code","data":{"code":["16000000","12000000","12000000","13000000"],"timestamp":1747102466.44459}}
{"msg_id":"joint_position","data":{"pos":[[0.0,0.0,0.0],[0.16399584486377827,-0.6537878210724237,0.4897999916300044,0.0],[-0.911583067661251,-0.6412146006530086,-0.769219360980188,0.8247528687673668,-0.442559965918958,-0.04020389196127495,-0.4866013577649416],[0.009109898438120838],[0.20824745372806946,-0.6251332484475141,0.6850344053224611,1.391492073854848,0.2767450978364187,0.07918803560007703,0.0010275630903356899],[0.0],[0.0,0.0]]}}
{"msg_id":"error_code","data":{"code":["16000000","12000000","12000000","13000000"],"timestamp":1747102466.5450656}}
{"msg_id":"joint_position","data":{"pos":[[0.0,0.0,0.0],[0.16399584486377827,-0.6537878210724237,0.4897999916300044,0.0],[-0.911583067661251,-0.6412146006530086,-0.769219360980188,0.8247528687673668,-0.442559965918958,-0.04020389196127495,-0.4866013577649416],[0.009109898438120838],[0.20824745372806946,-0.6251332484475141,0.6850344053224611,1.391492073854848,0.2767450978364187,0.07918803560007703,0.0010275630903356899],[0.0],[0.0,0.0]]}}
{"msg_id":"error_code","data":{"code":["16000000","12000000","12000000","13000000"],"timestamp":1747102466.645566}}
{"msg_id":"joint_position","data":{"pos":[[0.0,0.0,0.0],[0.16399584486377827,-0.6537878210724237,0.4897999916300044,0.0],[-0.911583067661251,-0.6412146006530086,-0.769219360980188,0.8247528687673668,-0.442559965918958,-0.04020389196127495,-0.4866013577649416],[0.009109898438120838],[0.20824745372806946,-0.6251332484475141,0.6850344053224611,1.391492073854848,0.2767450978364187,0.07918803560007703,0.0010275630903356899],[0.0],[0.0,0.0]]}}
{"msg_id":"error_code","data":{"code":["16000000","12000000","12000000","13000000"],"timestamp":1747102466.7461011}}
{"msg_id":"joint_position","data":{"pos":[[0.0,0.0,0.0],[0.16399584486377827,-0.6537878210724237,0.4897999916300044,0.0],[-0.911583067661251,-0.6412146006530086,-0.769219360980188,0.8247528687673668,-0.442559965918958,-0.04020389196127495,-0.4866013577649416],[0.009109898438120838],[0.20824745372806946,-0.6251332484475141,0.6850344053224611,1.391492073854848,0.2767450978364187,0.07918803560007703,0.0010275630903356899],[0.0],[0.0,0.0]]}}
{"msg_id":"error_code","data":{"code":["16000000","12000000","12000000","13000000"],"timestamp":1747102466.8462188}}
{"msg_id":"joint_position","data":{"pos":[[0.0,0.0,0.0],[0.16399584486377827,-0.6537878210724237,0.4897999916300044,0.0],[-0.911583067661251,-0.6412146006530086,-0.769219360980188,0.8247528687673668,-0.442559965918958,-0.04020389196127495,-0.4866013577649416],[0.009109898438120838],[0.20824745372806946,-0.6251332484475141,0.6850344053224611,1.391492073854848,0.2767450978364187,0.07918803560007703,0.0010275630903356899],[0.0],[0.0,0.0]]}}
{"msg_id":"error_code","data":{"code":["16000000","12000000","12000000","13000000"],"timestamp":1747102466.9581504}}
{"msg_id":"joint_position","data":{"pos":[[0.0,0.0,0.0],[0.16399584486377827,-0.6537878210724237,0.4897999916300044,0.0],[-0.911583067661251,-0.6412146006530086,-0.769219360980188,0.8247528687673668,-0.442559965918958,-0.04020389196127495,-0.4866013577649416],[0.009109898438120838],[0.20824745372806946,-0.6251332484475141,0.6850344053224611,1.391492073854848,0.2767450978364187,0.07918803560007703,0.0010275630903356899],[0.0],[0.0,0.0]]}}
{"msg_id":"error_code","data":{"code":["16000000","12000000","12000000","13000000"],"timestamp":1747102467.0586474}}
{"msg_id":"joint_position","data":{"pos":[[0.0,0.0,0.0],[0.16399584486377827,-0.6537878210724237,0.4897999916300044,0.0],[-0.911583067661251,-0.6412146006530086,-0.769219360980188,0.8247528687673668,-0.442559965918958,-0.04020389196127495,-0.4866013577649416],[0.009109898438120838],[0.20824745372806946,-0.6251332484475141,0.6850344053224611,1.391492073854848,0.2767450978364187,0.07918803560007703,0.0010275630903356899],[0.0],[0.0,0.0]]}}
{"msg_id":"error_code","data":{"code":["16000000","12000000","12000000","13000000"],"timestamp":1747102467.1592605}}
{"msg_id":"on_ota_update","data":{"progress":22}}
{"msg_id":"joint_position","data":{"pos":[[0.0,0.0,0.0],[0.16399584486377827,-0.6537878210724237,0.4897999916300044,0.0],[-0.911583067661251,-0.6412146006530086,-0.769219360980188,0.8247528687673668,-0.442559965918958,-0.04020389196127495,-0.4866013577649416],[0.009109898438120838],[0.20824745372806946,-0.6251332484475141,0.6850344053224611,1.391492073854848,0.2767450978364187,0.07918803560007703,0.0010275630903356899],[0.0],[0.0,0.0]]}}
{"msg_id":"error_code","data":{"code":["16000000","12000000","12000000","13000000"],"timestamp":1747102467.2597744}}
{"msg_id":"joint_position","data":{"pos":[[0.0,0.0,0.0],[0.16399584486377827,-0.6537878210724237,0.4897999916300044,0.0],[-0.911583067661251,-0.6412146006530086,-0.769219360980188,0.8247528687673668,-0.442559965918958,-0.04020389196127495,-0.4866013577649416],[0.009109898438120838],[0.20824745372806946,-0.6251332484475141,0.6850344053224611,1.391492073854848,0.2767450978364187,0.07918803560007703,0.0010275630903356899],[0.0],[0.0,0.0]]}}
{"msg_id":"error_code","data":{"code":["16000000","12000000","12000000","13000000"],"timestamp":1747102467.3867865}}
{"msg_id":"joint_position","data":{"pos":[[0.0,0.0,0.0],[0.16399584486377827,-0.6537878210724237,0.4897999916300044,0.0],[-0.911583067661251,-0.6412146006530086,-0.769219360980188,0.8247528687673668,-0.442559965918958,-0.04020389196127495,-0.4866013577649416],[0.009109898438120838],[0.20824745372806946,-0.6251332484475141,0.6850344053224611,1.391492073854848,0.2767450978364187,0.07918803560007703,0.0010275630903356899],[0.0],[0.0,0.0]]}}
{"msg_id":"error_code","data":{"code":["16000000","12000000","12000000","13000000"],"timestamp":1747102467.4735405}}
{"msg_id":"joint_position","data":{"pos":[[0.0,0.0,0.0],[0.16399584486377827,-0.6537878210724237,0.4897999916300044,0.0],[-0.911583067661251,-0.6412146006530086,-0.769219360980188,0.8247528687673668,-0.442559965918958,-0.04020389196127495,-0.4866013577649416],[0.009109898438120838],[0.20824745372806946,-0.6251332484475141,0.6850344053224611,1.391492073854848,0.2767450978364187,0.07918803560007703,0.0010275630903356899],[0.0],[0.0,0.0]]}}
{"msg_id":"error_code","data":{"code":["16000000","12000000","12000000","13000000"],"timestamp":1747102467.574044}}
{"msg_id":"on_ota_update","data":{"progress":29}}
{"msg_id":"joint_position","data":{"pos":[[0.0,0.0,0.0],[0.16399584486377827,-0.6537878210724237,0.4897999916300044,0.0],[-0.911583067661251,-0.6412146006530086,-0.769219360980188,0.8247528687673668,-0.442559965918958,-0.04020389196127495,-0.4866013577649416],[0.009109898438120838],[0.20824745372806946,-0.6251332484475141,0.6850344053224611,1.391492073854848,0.2767450978364187,0.07918803560007703,0.0010275630903356899],[0.0],[0.0,0.0]]}}
{"msg_id":"error_code","data":{"code":["16000000","12000000","12000000","13000000"],"timestamp":1747102467.6743932}}
{"msg_id":"joint_position","data":{"pos":[[0.0,0.0,0.0],[0.16399584486377827,-0.6537878210724237,0.4897999916300044,0.0],[-0.911583067661251,-0.6412146006530086,-0.769219360980188,0.8247528687673668,-0.442559965918958,-0.04020389196127495,-0.4866013577649416],[0.009109898438120838],[0.20824745372806946,-0.6251332484475141,0.6850344053224611,1.391492073854848,0.2767450978364187,0.07918803560007703,0.0010275630903356899],[0.0],[0.0,0.0]]}}
{"msg_id":"error_code","data":{"code":["16000000","12000000","12000000","13000000"],"timestamp":1747102467.8141906}}
{"msg_id":"joint_position","data":{"pos":[[0.0,0.0,0.0],[0.16399584486377827,-0.6537878210724237,0.4897999916300044,0.0],[-0.911583067661251,-0.6412146006530086,-0.769219360980188,0.8247528687673668,-0.442559965918958,-0.04020389196127495,-0.4866013577649416],[0.009109898438120838],[0.20824745372806946,-0.6251332484475141,0.6850344053224611,1.391492073854848,0.2767450978364187,0.07918803560007703,0.0010275630903356899],[0.0],[0.0,0.0]]}}
{"msg_id":"error_code","data":{"code":["16000000","12000000","12000000","13000000"],"timestamp":1747102467.8861682}}
{"msg_id":"joint_position","data":{"pos":[[0.0,0.0,0.0],[0.16399584486377827,-0.6537878210724237,0.4897999916300044,0.0],[-0.911583067661251,-0.6412146006530086,-0.769219360980188,0.8247528687673668,-0.442559965918958,-0.04020389196127495,-0.4866013577649416],[0.009109898438120838],[0.20824745372806946,-0.6251332484475141,0.6850344053224611,1.391492073854848,0.2767450978364187,0.07918803560007703,0.0010275630903356899],[0.0],[0.0,0.0]]}}
{"msg_id":"error_code","data":{"code":["16000000","12000000","12000000","13000000"],"timestamp":1747102467.9866402}}
{"msg_id":"on_ota_update","data":{"progress":37}}
{"msg_id":"joint_position","data":{"pos":[[0.0,0.0,0.0],[0.16399584486377827,-0.6537878210724237,0.4897999916300044,0.0],[-0.911583067661251,-0.6412146006530086,-0.769219360980188,0.8247528687673668,-0.442559965918958,-0.04020389196127495,-0.4866013577649416],[0.009109898438120838],[0.20824745372806946,-0.6251332484475141,0.6850344053224611,1.391492073854848,0.2767450978364187,0.07918803560007703,0.0010275630903356899],[0.0],[0.0,0.0]]}}
{"msg_id":"error_code","data":{"code":["16000000","12000000","12000000","13000000"],"timestamp":1747102468.0872035}}
{"msg_id":"joint_position","data":{"pos":[[0.0,0.0,0.0],[0.16399584486377827,-0.6537878210724237,0.4897999916300044,0.0],[-0.911583067661251,-0.6412146006530086,-0.769219360980188,0.8247528687673668,-0.442559965918958,-0.04020389196127495,-0.4866013577649416],[0.009109898438120838],[0.20824745372806946,-0.6251332484475141,0.6850344053224611,1.391492073854848,0.2767450978364187,0.07918803560007703,0.0010275630903356899],[0.0],[0.0,0.0]]}}
{"msg_id":"error_code","data":{"code":["16000000","12000000","12000000","13000000"],"timestamp":1747102468.1870832}}
{"msg_id":"joint_position","data":{"pos":[[0.0,0.0,0.0],[0.16399584486377827,-0.6537878210724237,0.4897999916300044,0.0],[-0.911583067661251,-0.6412146006530086,-0.769219360980188,0.8247528687673668,-0.442559965918958,-0.04020389196127495,-0.4866013577649416],[0.009109898438120838],[0.20824745372806946,-0.6251332484475141,0.6850344053224611,1.391492073854848,0.2767450978364187,0.07918803560007703,0.0010275630903356899],[0.0],[0.0,0.0]]}}
{"msg_id":"error_code","data":{"code":["16000000","12000000","12000000","13000000"],"timestamp":1747102468.2884066}}
{"msg_id":"joint_position","data":{"pos":[[0.0,0.0,0.0],[0.16399584486377827,-0.6537878210724237,0.4897999916300044,0.0],[-0.911583067661251,-0.6412146006530086,-0.769219360980188,0.8247528687673668,-0.442559965918958,-0.04020389196127495,-0.4866013577649416],[0.009109898438120838],[0.20824745372806946,-0.6251332484475141,0.6850344053224611,1.391492073854848,0.2767450978364187,0.07918803560007703,0.0010275630903356899],[0.0],[0.0,0.0]]}}
{"msg_id":"error_code","data":{"code":["16000000","12000000","12000000","13000000"],"timestamp":1747102468.3890154}}
{"msg_id":"joint_position","data":{"pos":[[0.0,0.0,0.0],[0.16399584486377827,-0.6537878210724237,0.4897999916300044,0.0],[-0.911583067661251,-0.6412146006530086,-0.769219360980188,0.8247528687673668,-0.442559965918958,-0.04020389196127495,-0.4866013577649416],[0.009109898438120838],[0.20824745372806946,-0.6251332484475141,0.6850344053224611,1.391492073854848,0.2767450978364187,0.07918803560007703,0.0010275630903356899],[0.0],[0.0,0.0]]}}
{"msg_id":"error_code","data":{"code":["16000000","12000000","12000000","13000000"],"timestamp":1747102468.4896884}}
{"msg_id":"on_ota_update","data":{"progress":44}}
{"msg_id":"joint_position","data":{"pos":[[0.0,0.0,0.0],[0.16399584486377827,-0.6537878210724237,0.4897999916300044,0.0],[-0.911583067661251,-0.6412146006530086,-0.769219360980188,0.8247528687673668,-0.442559965918958,-0.04020389196127495,-0.4866013577649416],[0.009109898438120838],[0.20824745372806946,-0.6251332484475141,0.6850344053224611,1.391492073854848,0.2767450978364187,0.07918803560007703,0.0010275630903356899],[0.0],[0.0,0.0]]}}
{"msg_id":"error_code","data":{"code":["16000000","12000000","12000000","13000000"],"timestamp":1747102468.5915918}}
{"msg_id":"joint_position","data":{"pos":[[0.0,0.0,0.0],[0.16399584486377827,-0.6537878210724237,0.4897999916300044,0.0],[-0.911583067661251,-0.6412146006530086,-0.769219360980188,0.8247528687673668,-0.442559965918958,-0.04020389196127495,-0.4866013577649416],[0.009109898438120838],[0.20824745372806946,-0.6251332484475141,0.6850344053224611,1.391492073854848,0.2767450978364187,0.07918803560007703,0.0010275630903356899],[0.0],[0.0,0.0]]}}
{"msg_id":"error_code","data":{"code":["16000000","12000000","12000000","13000000"],"timestamp":1747102468.6916711}}
{"msg_id":"joint_position","data":{"pos":[[0.0,0.0,0.0],[0.16399584486377827,-0.6537878210724237,0.4897999916300044,0.0],[-0.911583067661251,-0.6412146006530086,-0.769219360980188,0.8247528687673668,-0.442559965918958,-0.04020389196127495,-0.4866013577649416],[0.009109898438120838],[0.20824745372806946,-0.6251332484475141,0.6850344053224611,1.391492073854848,0.2767450978364187,0.07918803560007703,0.0010275630903356899],[0.0],[0.0,0.0]]}}
{"msg_id":"error_code","data":{"code":["16000000","12000000","12000000","13000000"],"timestamp":1747102468.7920194}}
{"msg_id":"joint_position","data":{"pos":[[0.0,0.0,0.0],[0.16399584486377827,-0.6537878210724237,0.4897999916300044,0.0],[-0.911583067661251,-0.6412146006530086,-0.769219360980188,0.8247528687673668,-0.442559965918958,-0.04020389196127495,-0.4866013577649416],[0.009109898438120838],[0.20824745372806946,-0.6251332484475141,0.6850344053224611,1.391492073854848,0.2767450978364187,0.07918803560007703,0.0010275630903356899],[0.0],[0.0,0.0]]}}
{"msg_id":"error_code","data":{"code":["16000000","12000000","12000000","13000000"],"timestamp":1747102468.8927293}}
{"msg_id":"on_ota_update","data":{"progress":52}}
{"msg_id":"joint_position","data":{"pos":[[0.0,0.0,0.0],[0.16399584486377827,-0.6537878210724237,0.4897999916300044,0.0],[-0.911583067661251,-0.6412146006530086,-0.769219360980188,0.8247528687673668,-0.442559965918958,-0.04020389196127495,-0.4866013577649416],[0.009109898438120838],[0.20824745372806946,-0.6251332484475141,0.6850344053224611,1.391492073854848,0.2767450978364187,0.07918803560007703,0.0010275630903356899],[0.0],[0.0,0.0]]}}
{"msg_id":"error_code","data":{"code":["16000000","12000000","12000000","13000000"],"timestamp":1747102468.994479}}
{"msg_id":"joint_position","data":{"pos":[[0.0,0.0,0.0],[0.16399584486377827,-0.6537878210724237,0.4897999916300044,0.0],[-0.911583067661251,-0.6412146006530086,-0.769219360980188,0.8247528687673668,-0.442559965918958,-0.04020389196127495,-0.4866013577649416],[0.009109898438120838],[0.20824745372806946,-0.6251332484475141,0.6850344053224611,1.391492073854848,0.2767450978364187,0.07918803560007703,0.0010275630903356899],[0.0],[0.0,0.0]]}}
{"msg_id":"error_code","data":{"code":["16000000","12000000","12000000","13000000"],"timestamp":1747102469.0949476}}
{"msg_id":"joint_position","data":{"pos":[[0.0,0.0,0.0],[0.16399584486377827,-0.6537878210724237,0.4897999916300044,0.0],[-0.911583067661251,-0.6412146006530086,-0.769219360980188,0.8247528687673668,-0.442559965918958,-0.04020389196127495,-0.4866013577649416],[0.009109898438120838],[0.20824745372806946,-0.6251332484475141,0.6850344053224611,1.391492073854848,0.2767450978364187,0.07918803560007703,0.0010275630903356899],[0.0],[0.0,0.0]]}}
{"msg_id":"error_code","data":{"code":["16000000","12000000","12000000","13000000"],"timestamp":1747102469.2187498}}
{"msg_id":"joint_position","data":{"pos":[[0.0,0.0,0.0],[0.16399584486377827,-0.6537878210724237,0.4897999916300044,0.0],[-0.911583067661251,-0.6412146006530086,-0.769219360980188,0.8247528687673668,-0.442559965918958,-0.04020389196127495,-0.4866013577649416],[0.009109898438120838],[0.20824745372806946,-0.6251332484475141,0.6850344053224611,1.391492073854848,0.2767450978364187,0.07918803560007703,0.0010275630903356899],[0.0],[0.0,0.0]]}}
{"msg_id":"error_code","data":{"code":["16000000","12000000","12000000","13000000"],"timestamp":1747102469.305759}}
{"msg_id":"joint_position","data":{"pos":[[0.0,0.0,0.0],[0.16399584486377827,-0.6537878210724237,0.4897999916300044,0.0],[-0.911583067661251,-0.6412146006530086,-0.769219360980188,0.8247528687673668,-0.442559965918958,-0.04020389196127495,-0.4866013577649416],[0.009109898438120838],[0.20824745372806946,-0.6251332484475141,0.6850344053224611,1.391492073854848,0.2767450978364187,0.07918803560007703,0.0010275630903356899],[0.0],[0.0,0.0]]}}
{"msg_id":"error_code","data":{"code":["16000000","12000000","12000000","13000000"],"timestamp":1747102469.406287}}
{"msg_id":"on_ota_update","data":{"progress":59}}
{"msg_id":"joint_position","data":{"pos":[[0.0,0.0,0.0],[0.16399584486377827,-0.6537878210724237,0.4897999916300044,0.0],[-0.911583067661251,-0.6412146006530086,-0.769219360980188,0.8247528687673668,-0.442559965918958,-0.04020389196127495,-0.4866013577649416],[0.009109898438120838],[0.20824745372806946,-0.6251332484475141,0.6850344053224611,1.391492073854848,0.2767450978364187,0.07918803560007703,0.0010275630903356899],[0.0],[0.0,0.0]]}}
{"msg_id":"error_code","data":{"code":["16000000","12000000","12000000","13000000"],"timestamp":1747102469.5068977}}
{"msg_id":"joint_position","data":{"pos":[[0.0,0.0,0.0],[0.16399584486377827,-0.6537878210724237,0.4897999916300044,0.0],[-0.911583067661251,-0.6412146006530086,-0.769219360980188,0.8247528687673668,-0.442559965918958,-0.04020389196127495,-0.4866013577649416],[0.009109898438120838],[0.20824745372806946,-0.6251332484475141,0.6850344053224611,1.391492073854848,0.2767450978364187,0.07918803560007703,0.0010275630903356899],[0.0],[0.0,0.0]]}}
{"msg_id":"error_code","data":{"code":["16000000","12000000","12000000","13000000"],"timestamp":1747102469.6416297}}
{"msg_id":"joint_position","data":{"pos":[[0.0,0.0,0.0],[0.16399584486377827,-0.6537878210724237,0.4897999916300044,0.0],[-0.911583067661251,-0.6412146006530086,-0.769219360980188,0.8247528687673668,-0.442559965918958,-0.04020389196127495,-0.4866013577649416],[0.009109898438120838],[0.20824745372806946,-0.6251332484475141,0.6850344053224611,1.391492073854848,0.2767450978364187,0.07918803560007703,0.0010275630903356899],[0.0],[0.0,0.0]]}}
{"msg_id":"error_code","data":{"code":["16000000","12000000","12000000","13000000"],"timestamp":1747102469.7302325}}
{"msg_id":"joint_position","data":{"pos":[[0.0,0.0,0.0],[0.16399584486377827,-0.6537878210724237,0.4897999916300044,0.0],[-0.911583067661251,-0.6412146006530086,-0.769219360980188,0.8247528687673668,-0.442559965918958,-0.04020389196127495,-0.4866013577649416],[0.009109898438120838],[0.20824745372806946,-0.6251332484475141,0.6850344053224611,1.391492073854848,0.2767450978364187,0.07918803560007703,0.0010275630903356899],[0.0],[0.0,0.0]]}}
{"msg_id":"error_code","data":{"code":["16000000","12000000","12000000","13000000"],"timestamp":1747102469.8308246}}
{"msg_id":"on_ota_update","data":{"progress":66}}
{"msg_id":"joint_position","data":{"pos":[[0.0,0.0,0.0],[0.16399584486377827,-0.6537878210724237,0.4897999916300044,0.0],[-0.911583067661251,-0.6412146006530086,-0.769219360980188,0.8247528687673668,-0.442559965918958,-0.04020389196127495,-0.4866013577649416],[0.009109898438120838],[0.20824745372806946,-0.6251332484475141,0.6850344053224611,1.391492073854848,0.2767450978364187,0.07918803560007703,0.0010275630903356899],[0.0],[0.0,0.0]]}}
{"msg_id":"error_code","data":{"code":["16000000","12000000","12000000","13000000"],"timestamp":1747102469.9310365}}
{"msg_id":"joint_position","data":{"pos":[[0.0,0.0,0.0],[0.16399584486377827,-0.6537878210724237,0.4897999916300044,0.0],[-0.911583067661251,-0.6412146006530086,-0.769219360980188,0.8247528687673668,-0.442559965918958,-0.04020389196127495,-0.4866013577649416],[0.009109898438120838],[0.20824745372806946,-0.6251332484475141,0.6850344053224611,1.391492073854848,0.2767450978364187,0.07918803560007703,0.0010275630903356899],[0.0],[0.0,0.0]]}}
{"msg_id":"error_code","data":{"code":["16000000","12000000","12000000","13000000"],"timestamp":1747102470.0312054}}
{"msg_id":"joint_position","data":{"pos":[[0.0,0.0,0.0],[0.16399584486377827,-0.6537878210724237,0.4897999916300044,0.0],[-0.911583067661251,-0.6412146006530086,-0.769219360980188,0.8247528687673668,-0.442559965918958,-0.04020389196127495,-0.4866013577649416],[0.009109898438120838],[0.20824745372806946,-0.6251332484475141,0.6850344053224611,1.391492073854848,0.2767450978364187,0.07918803560007703,0.0010275630903356899],[0.0],[0.0,0.0]]}}
{"msg_id":"error_code","data":{"code":["16000000","12000000","12000000","13000000"],"timestamp":1747102470.131592}}
{"msg_id":"joint_position","data":{"pos":[[0.0,0.0,0.0],[0.16399584486377827,-0.6537878210724237,0.4897999916300044,0.0],[-0.911583067661251,-0.6412146006530086,-0.769219360980188,0.8247528687673668,-0.442559965918958,-0.04020389196127495,-0.4866013577649416],[0.009109898438120838],[0.20824745372806946,-0.6251332484475141,0.6850344053224611,1.391492073854848,0.2767450978364187,0.07918803560007703,0.0010275630903356899],[0.0],[0.0,0.0]]}}
{"msg_id":"error_code","data":{"code":["16000000","12000000","12000000","13000000"],"timestamp":1747102470.232203}}
{"msg_id":"on_ota_update","data":{"progress":74}}
{"msg_id":"joint_position","data":{"pos":[[0.0,0.0,0.0],[0.16399584486377827,-0.6537878210724237,0.4897999916300044,0.0],[-0.911583067661251,-0.6412146006530086,-0.769219360980188,0.8247528687673668,-0.442559965918958,-0.04020389196127495,-0.4866013577649416],[0.009109898438120838],[0.20824745372806946,-0.6251332484475141,0.6850344053224611,1.391492073854848,0.2767450978364187,0.07918803560007703,0.0010275630903356899],[0.0],[0.0,0.0]]}}
{"msg_id":"error_code","data":{"code":["16000000","12000000","12000000","13000000"],"timestamp":1747102470.3386297}}
{"msg_id":"joint_position","data":{"pos":[[0.0,0.0,0.0],[0.16399584486377827,-0.6537878210724237,0.4897999916300044,0.0],[-0.911583067661251,-0.6412146006530086,-0.769219360980188,0.8247528687673668,-0.442559965918958,-0.04020389196127495,-0.4866013577649416],[0.009109898438120838],[0.20824745372806946,-0.6251332484475141,0.6850344053224611,1.391492073854848,0.2767450978364187,0.07918803560007703,0.0010275630903356899],[0.0],[0.0,0.0]]}}
{"msg_id":"error_code","data":{"code":["16000000","12000000","12000000","13000000"],"timestamp":1747102470.4383998}}
{"msg_id":"joint_position","data":{"pos":[[0.0,0.0,0.0],[0.16399584486377827,-0.6537878210724237,0.4897999916300044,0.0],[-0.911583067661251,-0.6412146006530086,-0.769219360980188,0.8247528687673668,-0.442559965918958,-0.04020389196127495,-0.4866013577649416],[0.009109898438120838],[0.20824745372806946,-0.6251332484475141,0.6850344053224611,1.391492073854848,0.2767450978364187,0.07918803560007703,0.0010275630903356899],[0.0],[0.0,0.0]]}}
{"msg_id":"error_code","data":{"code":["16000000","12000000","12000000","13000000"],"timestamp":1747102470.5385497}}
{"msg_id":"joint_position","data":{"pos":[[0.0,0.0,0.0],[0.16399584486377827,-0.6537878210724237,0.4897999916300044,0.0],[-0.911583067661251,-0.6412146006530086,-0.769219360980188,0.8247528687673668,-0.442559965918958,-0.04020389196127495,-0.4866013577649416],[0.009109898438120838],[0.20824745372806946,-0.6251332484475141,0.6850344053224611,1.391492073854848,0.2767450978364187,0.07918803560007703,0.0010275630903356899],[0.0],[0.0,0.0]]}}
{"msg_id":"error_code","data":{"code":["16000000","12000000","12000000","13000000"],"timestamp":1747102470.6388528}}
{"msg_id":"joint_position","data":{"pos":[[0.0,0.0,0.0],[0.16399584486377827,-0.6537878210724237,0.4897999916300044,0.0],[-0.911583067661251,-0.6412146006530086,-0.769219360980188,0.8247528687673668,-0.442559965918958,-0.04020389196127495,-0.4866013577649416],[0.009109898438120838],[0.20824745372806946,-0.6251332484475141,0.6850344053224611,1.391492073854848,0.2767450978364187,0.07918803560007703,0.0010275630903356899],[0.0],[0.0,0.0]]}}
{"msg_id":"error_code","data":{"code":["16000000","12000000","12000000","13000000"],"timestamp":1747102470.7393374}}
{"msg_id":"joint_position","data":{"pos":[[0.0,0.0,0.0],[0.16399584486377827,-0.6537878210724237,0.4897999916300044,0.0],[-0.911583067661251,-0.6412146006530086,-0.769219360980188,0.8247528687673668,-0.442559965918958,-0.04020389196127495,-0.4866013577649416],[0.009109898438120838],[0.20824745372806946,-0.6251332484475141,0.6850344053224611,1.391492073854848,0.2767450978364187,0.07918803560007703,0.0010275630903356899],[0.0],[0.0,0.0]]}}
{"msg_id":"error_code","data":{"code":["16000000","12000000","12000000","13000000"],"timestamp":1747102470.8401163}}
{"msg_id":"on_ota_update","data":{"progress":81}}
{"msg_id":"joint_position","data":{"pos":[[0.0,0.0,0.0],[0.16399584486377827,-0.6537878210724237,0.4897999916300044,0.0],[-0.911583067661251,-0.6412146006530086,-0.769219360980188,0.8247528687673668,-0.442559965918958,-0.04020389196127495,-0.4866013577649416],[0.009109898438120838],[0.20824745372806946,-0.6251332484475141,0.6850344053224611,1.391492073854848,0.2767450978364187,0.07918803560007703,0.0010275630903356899],[0.0],[0.0,0.0]]}}
{"msg_id":"error_code","data":{"code":["16000000","12000000","12000000","13000000"],"timestamp":1747102470.9401143}}
{"msg_id":"joint_position","data":{"pos":[[0.0,0.0,0.0],[0.16399584486377827,-0.6537878210724237,0.4897999916300044,0.0],[-0.911583067661251,-0.6412146006530086,-0.769219360980188,0.8247528687673668,-0.442559965918958,-0.04020389196127495,-0.4866013577649416],[0.009109898438120838],[0.20824745372806946,-0.6251332484475141,0.6850344053224611,1.391492073854848,0.2767450978364187,0.07918803560007703,0.0010275630903356899],[0.0],[0.0,0.0]]}}
{"msg_id":"error_code","data":{"code":["16000000","12000000","12000000","13000000"],"timestamp":1747102471.0410047}}
{"msg_id":"joint_position","data":{"pos":[[0.0,0.0,0.0],[0.16399584486377827,-0.6537878210724237,0.4897999916300044,0.0],[-0.911583067661251,-0.6412146006530086,-0.769219360980188,0.8247528687673668,-0.442559965918958,-0.04020389196127495,-0.4866013577649416],[0.009109898438120838],[0.20824745372806946,-0.6251332484475141,0.6850344053224611,1.391492073854848,0.2767450978364187,0.07918803560007703,0.0010275630903356899],[0.0],[0.0,0.0]]}}
{"msg_id":"error_code","data":{"code":["16000000","12000000","12000000","13000000"],"timestamp":1747102471.1419823}}
{"msg_id":"joint_position","data":{"pos":[[0.0,0.0,0.0],[0.16399584486377827,-0.6537878210724237,0.4897999916300044,0.0],[-0.911583067661251,-0.6412146006530086,-0.769219360980188,0.8247528687673668,-0.442559965918958,-0.04020389196127495,-0.4866013577649416],[0.009109898438120838],[0.20824745372806946,-0.6251332484475141,0.6850344053224611,1.391492073854848,0.2767450978364187,0.07918803560007703,0.0010275630903356899],[0.0],[0.0,0.0]]}}
{"msg_id":"error_code","data":{"code":["16000000","12000000","12000000","13000000"],"timestamp":1747102471.2424548}}
{"msg_id":"on_ota_update","data":{"progress":89}}
{"msg_id":"joint_position","data":{"pos":[[0.0,0.0,0.0],[0.16399584486377827,-0.6537878210724237,0.4897999916300044,0.0],[-0.911583067661251,-0.6412146006530086,-0.769219360980188,0.8247528687673668,-0.442559965918958,-0.04020389196127495,-0.4866013577649416],[0.009109898438120838],[0.20824745372806946,-0.6251332484475141,0.6850344053224611,1.391492073854848,0.2767450978364187,0.07918803560007703,0.0010275630903356899],[0.0],[0.0,0.0]]}}
{"msg_id":"error_code","data":{"code":["16000000","12000000","12000000","13000000"],"timestamp":1747102471.344025}}
{"msg_id":"joint_position","data":{"pos":[[0.0,0.0,0.0],[0.16399584486377827,-0.6537878210724237,0.4897999916300044,0.0],[-0.911583067661251,-0.6412146006530086,-0.769219360980188,0.8247528687673668,-0.442559965918958,-0.04020389196127495,-0.4866013577649416],[0.009109898438120838],[0.20824745372806946,-0.6251332484475141,0.6850344053224611,1.391492073854848,0.2767450978364187,0.07918803560007703,0.0010275630903356899],[0.0],[0.0,0.0]]}}
{"msg_id":"error_code","data":{"code":["16000000","12000000","12000000","13000000"],"timestamp":1747102471.4440823}}
{"msg_id":"joint_position","data":{"pos":[[0.0,0.0,0.0],[0.16399584486377827,-0.6537878210724237,0.4897999916300044,0.0],[-0.911583067661251,-0.6412146006530086,-0.769219360980188,0.8247528687673668,-0.442559965918958,-0.04020389196127495,-0.4866013577649416],[0.009109898438120838],[0.20824745372806946,-0.6251332484475141,0.6850344053224611,1.391492073854848,0.2767450978364187,0.07918803560007703,0.0010275630903356899],[0.0],[0.0,0.0]]}}
{"msg_id":"error_code","data":{"code":["16000000","12000000","12000000","13000000"],"timestamp":1747102471.5835228}}
{"msg_id":"joint_position","data":{"pos":[[0.0,0.0,0.0],[0.16399584486377827,-0.6537878210724237,0.4897999916300044,0.0],[-0.911583067661251,-0.6412146006530086,-0.769219360980188,0.8247528687673668,-0.442559965918958,-0.04020389196127495,-0.4866013577649416],[0.009109898438120838],[0.20824745372806946,-0.6251332484475141,0.6850344053224611,1.391492073854848,0.2767450978364187,0.07918803560007703,0.0010275630903356899],[0.0],[0.0,0.0]]}}
{"msg_id":"error_code","data":{"code":["16000000","12000000","12000000","13000000"],"timestamp":1747102471.672002}}
{"msg_id":"joint_position","data":{"pos":[[0.0,0.0,0.0],[0.16399584486377827,-0.6537878210724237,0.4897999916300044,0.0],[-0.911583067661251,-0.6412146006530086,-0.769219360980188,0.8247528687673668,-0.442559965918958,-0.04020389196127495,-0.4866013577649416],[0.009109898438120838],[0.20824745372806946,-0.6251332484475141,0.6850344053224611,1.391492073854848,0.2767450978364187,0.07918803560007703,0.0010275630903356899],[0.0],[0.0,0.0]]}}
{"msg_id":"error_code","data":{"code":["16000000","12000000","12000000","13000000"],"timestamp":1747102471.772471}}
{"msg_id":"on_ota_update","data":{"progress":96}}
{"msg_id":"joint_position","data":{"pos":[[0.0,0.0,0.0],[0.16399584486377827,-0.6537878210724237,0.4897999916300044,0.0],[-0.911583067661251,-0.6412146006530086,-0.769219360980188,0.8247528687673668,-0.442559965918958,-0.04020389196127495,-0.4866013577649416],[0.009109898438120838],[0.20824745372806946,-0.6251332484475141,0.6850344053224611,1.391492073854848,0.2767450978364187,0.07918803560007703,0.0010275630903356899],[0.0],[0.0,0.0]]}}
{"msg_id":"error_code","data":{"code":["16000000","12000000","12000000","13000000"],"timestamp":1747102471.872573}}
{"msg_id":"joint_position","data":{"pos":[[0.0,0.0,0.0],[0.16399584486377827,-0.6537878210724237,0.4897999916300044,0.0],[-0.911583067661251,-0.6412146006530086,-0.769219360980188,0.8247528687673668,-0.442559965918958,-0.04020389196127495,-0.4866013577649416],[0.009109898438120838],[0.20824745372806946,-0.6251332484475141,0.6850344053224611,1.391492073854848,0.2767450978364187,0.07918803560007703,0.0010275630903356899],[0.0],[0.0,0.0]]}}
{"msg_id":"error_code","data":{"code":["16000000","12000000","12000000","13000000"],"timestamp":1747102471.9731736}}
{"msg_id":"joint_position","data":{"pos":[[0.0,0.0,0.0],[0.16399584486377827,-0.6537878210724237,0.4897999916300044,0.0],[-0.911583067661251,-0.6412146006530086,-0.769219360980188,0.8247528687673668,-0.442559965918958,-0.04020389196127495,-0.4866013577649416],[0.009109898438120838],[0.20824745372806946,-0.6251332484475141,0.6850344053224611,1.391492073854848,0.2767450978364187,0.07918803560007703,0.0010275630903356899],[0.0],[0.0,0.0]]}}
{"msg_id":"error_code","data":{"code":["16000000","12000000","12000000","13000000"],"timestamp":1747102472.0743754}}
{"msg_id":"joint_position","data":{"pos":[[0.0,0.0,0.0],[0.16399584486377827,-0.6537878210724237,0.4897999916300044,0.0],[-0.911583067661251,-0.6412146006530086,-0.769219360980188,0.8247528687673668,-0.442559965918958,-0.04020389196127495,-0.4866013577649416],[0.009109898438120838],[0.20824745372806946,-0.6251332484475141,0.6850344053224611,1.391492073854848,0.2767450978364187,0.07918803560007703,0.0010275630903356899],[0.0],[0.0,0.0]]}}
{"msg_id":"error_code","data":{"code":["16000000","12000000","12000000","13000000"],"timestamp":1747102472.1746309}}
{"msg_id":"joint_position","data":{"pos":[[0.0,0.0,0.0],[0.16399584486377827,-0.6537878210724237,0.4897999916300044,0.0],[-0.911583067661251,-0.6412146006530086,-0.769219360980188,0.8247528687673668,-0.442559965918958,-0.04020389196127495,-0.4866013577649416],[0.009109898438120838],[0.20824745372806946,-0.6251332484475141,0.6850344053224611,1.391492073854848,0.2767450978364187,0.07918803560007703,0.0010275630903356899],[0.0],[0.0,0.0]]}}
{"msg_id":"error_code","data":{"code":["16000000","12000000","12000000","13000000"],"timestamp":1747102472.2749414}}
{"msg_id":"joint_position","data":{"pos":[[0.0,0.0,0.0],[0.16399584486377827,-0.6537878210724237,0.4897999916300044,0.0],[-0.911583067661251,-0.6412146006530086,-0.769219360980188,0.8247528687673668,-0.442559965918958,-0.04020389196127495,-0.4866013577649416],[0.009109898438120838],[0.20824745372806946,-0.6251332484475141,0.6850344053224611,1.391492073854848,0.2767450978364187,0.07918803560007703,0.0010275630903356899],[0.0],[0.0,0.0]]}}
{"msg_id":"error_code","data":{"code":["16000000","12000000","12000000","13000000"],"timestamp":1747102472.375052}}
{"msg_id":"joint_position","data":{"pos":[[0.0,0.0,0.0],[0.16399584486377827,-0.6537878210724237,0.4897999916300044,0.0],[-0.911583067661251,-0.6412146006530086,-0.769219360980188,0.8247528687673668,-0.442559965918958,-0.04020389196127495,-0.4866013577649416],[0.009109898438120838],[0.20824745372806946,-0.6251332484475141,0.6850344053224611,1.391492073854848,0.2767450978364187,0.07918803560007703,0.0010275630903356899],[0.0],[0.0,0.0]]}}
{"msg_id":"error_code","data":{"code":["16000000","12000000","12000000","13000000"],"timestamp":1747102472.4762936}}
{"msg_id":"joint_position","data":{"pos":[[0.0,0.0,0.0],[0.16399584486377827,-0.6537878210724237,0.4897999916300044,0.0],[-0.911583067661251,-0.6412146006530086,-0.769219360980188,0.8247528687673668,-0.442559965918958,-0.04020389196127495,-0.4866013577649416],[0.009109898438120838],[0.20824745372806946,-0.6251332484475141,0.6850344053224611,1.391492073854848,0.2767450978364187,0.07918803560007703,0.0010275630903356899],[0.0],[0.0,0.0]]}}
{"msg_id":"error_code","data":{"code":["16000000","12000000","12000000","13000000"],"timestamp":1747102472.5771084}}
{"msg_id":"joint_position","data":{"pos":[[0.0,0.0,0.0],[0.16399584486377827,-0.6537878210724237,0.4897999916300044,0.0],[-0.911583067661251,-0.6412146006530086,-0.769219360980188,0.8247528687673668,-0.442559965918958,-0.04020389196127495,-0.4866013577649416],[0.009109898438120838],[0.20824745372806946,-0.6251332484475141,0.6850344053224611,1.391492073854848,0.2767450978364187,0.07918803560007703,0.0010275630903356899],[0.0],[0.0,0.0]]}}
{"msg_id":"error_code","data":{"code":["16000000","12000000","12000000","13000000"],"timestamp":1747102472.678234}}
{"msg_id":"on_ota_update","data":{"progress":100}}
{"msg_id":"joint_position","data":{"pos":[[0.0,0.0,0.0],[0.16399584486377827,-0.6537878210724237,0.4897999916300044,0.0],[-0.911583067661251,-0.6412146006530086,-0.769219360980188,0.8247528687673668,-0.442559965918958,-0.04020389196127495,-0.4866013577649416],[0.009109898438120838],[0.20824745372806946,-0.6251332484475141,0.6850344053224611,1.391492073854848,0.2767450978364187,0.07918803560007703,0.0010275630903356899],[0.0],[0.0,0.0]]}}
{"msg_id":"error_code","data":{"code":["16000000","12000000","12000000","13000000"],"timestamp":1747102472.778616}}
{"msg_id":"on_ota_update","data":{}}
{"msg_id":"joint_position","data":{"pos":[[0.0,0.0,0.0],[0.16399584486377827,-0.6537878210724237,0.4897999916300044,0.0],[-0.911583067661251,-0.6412146006530086,-0.769219360980188,0.8247528687673668,-0.442559965918958,-0.04020389196127495,-0.4866013577649416],[0.009109898438120838],[0.20824745372806946,-0.6251332484475141,0.6850344053224611,1.391492073854848,0.2767450978364187,0.07918803560007703,0.0010275630903356899],[0.0],[0.0,0.0]]}}
{"msg_id":"error_code","data":{"code":["16000000","12000000","12000000","13000000"],"timestamp":1747102472.8800042}}
{"msg_id":"on_ota_update","data":{}}
{"msg_id":"joint_position","data":{"pos":[[0.0,0.0,0.0],[0.16399584486377827,-0.6537878210724237,0.4897999916300044,0.0],[-0.911583067661251,-0.6412146006530086,-0.769219360980188,0.8247528687673668,-0.442559965918958,-0.04020389196127495,-0.4866013577649416],[0.009109898438120838],[0.20824745372806946,-0.6251332484475141,0.6850344053224611,1.391492073854848,0.2767450978364187,0.07918803560007703,0.0010275630903356899],[0.0],[0.0,0.0]]}}
{"msg_id":"error_code","data":{"code":["16000000","12000000","12000000","13000000"],"timestamp":1747102472.9803863}}
{"msg_id":"on_ota_update","data":{}}
{"msg_id":"joint_position","data":{"pos":[[0.0,0.0,0.0],[0.16399584486377827,-0.6537878210724237,0.4897999916300044,0.0],[-0.911583067661251,-0.6412146006530086,-0.769219360980188,0.8247528687673668,-0.442559965918958,-0.04020389196127495,-0.4866013577649416],[0.009109898438120838],[0.20824745372806946,-0.6251332484475141,0.6850344053224611,1.391492073854848,0.2767450978364187,0.07918803560007703,0.0010275630903356899],[0.0],[0.0,0.0]]}}
{"msg_id":"error_code","data":{"code":["16000000","12000000","12000000","13000000"],"timestamp":1747102473.0812454}}
{"msg_id":"on_ota_update","data":{}}
{"msg_id":"joint_position","data":{"pos":[[0.0,0.0,0.0],[0.16399584486377827,-0.6537878210724237,0.4897999916300044,0.0],[-0.911583067661251,-0.6412146006530086,-0.769219360980188,0.8247528687673668,-0.442559965918958,-0.04020389196127495,-0.4866013577649416],[0.009109898438120838],[0.20824745372806946,-0.6251332484475141,0.6850344053224611,1.391492073854848,0.2767450978364187,0.07918803560007703,0.0010275630903356899],[0.0],[0.0,0.0]]}}
{"msg_id":"error_code","data":{"code":["16000000","12000000","12000000","13000000"],"timestamp":1747102473.1816816}}
{"msg_id":"on_ota_update","data":{}}
{"msg_id":"joint_position","data":{"pos":[[0.0,0.0,0.0],[0.16399584486377827,-0.6537878210724237,0.4897999916300044,0.0],[-0.911583067661251,-0.6412146006530086,-0.769219360980188,0.8247528687673668,-0.442559965918958,-0.04020389196127495,-0.4866013577649416],[0.009109898438120838],[0.20824745372806946,-0.6251332484475141,0.6850344053224611,1.391492073854848,0.2767450978364187,0.07918803560007703,0.0010275630903356899],[0.0],[0.0,0.0]]}}
{"msg_id":"error_code","data":{"code":["16000000","12000000","12000000","13000000"],"timestamp":1747102473.282697}}
{"msg_id":"on_ota_update","data":{}}
{"msg_id":"joint_position","data":{"pos":[[0.0,0.0,0.0],[0.16399584486377827,-0.6537878210724237,0.4897999916300044,0.0],[-0.911583067661251,-0.6412146006530086,-0.769219360980188,0.8247528687673668,-0.442559965918958,-0.04020389196127495,-0.4866013577649416],[0.009109898438120838],[0.20824745372806946,-0.6251332484475141,0.6850344053224611,1.391492073854848,0.2767450978364187,0.07918803560007703,0.0010275630903356899],[0.0],[0.0,0.0]]}}
{"msg_id":"error_code","data":{"code":["16000000","12000000","12000000","13000000"],"timestamp":1747102473.3838212}}
{"msg_id":"on_ota_update","data":{}}
{"msg_id":"joint_position","data":{"pos":[[0.0,0.0,0.0],[0.16399584486377827,-0.6537878210724237,0.4897999916300044,0.0],[-0.911583067661251,-0.6412146006530086,-0.769219360980188,0.8247528687673668,-0.442559965918958,-0.04020389196127495,-0.4866013577649416],[0.009109898438120838],[0.20824745372806946,-0.6251332484475141,0.6850344053224611,1.391492073854848,0.2767450978364187,0.07918803560007703,0.0010275630903356899],[0.0],[0.0,0.0]]}}
{"msg_id":"error_code","data":{"code":["16000000","12000000","12000000","13000000"],"timestamp":1747102473.4839246}}
{"msg_id":"on_ota_update","data":{}}
{"msg_id":"joint_position","data":{"pos":[[0.0,0.0,0.0],[0.16399584486377827,-0.6537878210724237,0.4897999916300044,0.0],[-0.911583067661251,-0.6412146006530086,-0.769219360980188,0.8247528687673668,-0.442559965918958,-0.04020389196127495,-0.4866013577649416],[0.009109898438120838],[0.20824745372806946,-0.6251332484475141,0.6850344053224611,1.391492073854848,0.2767450978364187,0.07918803560007703,0.0010275630903356899],[0.0],[0.0,0.0]]}}
{"msg_id":"error_code","data":{"code":["16000000","12000000","12000000","13000000"],"timestamp":1747102473.5846229}}
{"msg_id":"on_ota_update","data":{}}
{"msg_id":"joint_position","data":{"pos":[[0.0,0.0,0.0],[0.16399584486377827,-0.6537878210724237,0.4897999916300044,0.0],[-0.911583067661251,-0.6412146006530086,-0.769219360980188,0.8247528687673668,-0.442559965918958,-0.04020389196127495,-0.4866013577649416],[0.009109898438120838],[0.20824745372806946,-0.6251332484475141,0.6850344053224611,1.391492073854848,0.2767450978364187,0.07918803560007703,0.0010275630903356899],[0.0],[0.0,0.0]]}}
{"msg_id":"error_code","data":{"code":["16000000","12000000","12000000","13000000"],"timestamp":1747102473.6847441}}
{"msg_id":"on_ota_update","data":{}}
{"msg_id":"joint_position","data":{"pos":[[0.0,0.0,0.0],[0.16399584486377827,-0.6537878210724237,0.4897999916300044,0.0],[-0.911583067661251,-0.6412146006530086,-0.769219360980188,0.8247528687673668,-0.442559965918958,-0.04020389196127495,-0.4866013577649416],[0.009109898438120838],[0.20824745372806946,-0.6251332484475141,0.6850344053224611,1.391492073854848,0.2767450978364187,0.07918803560007703,0.0010275630903356899],[0.0],[0.0,0.0]]}}
{"msg_id":"error_code","data":{"code":["16000000","12000000","12000000","13000000"],"timestamp":1747102473.7853038}}
{"msg_id":"on_ota_update","data":{}}
{"msg_id":"joint_position","data":{"pos":[[0.0,0.0,0.0],[0.16399584486377827,-0.6537878210724237,0.4897999916300044,0.0],[-0.911583067661251,-0.6412146006530086,-0.769219360980188,0.8247528687673668,-0.442559965918958,-0.04020389196127495,-0.4866013577649416],[0.009109898438120838],[0.20824745372806946,-0.6251332484475141,0.6850344053224611,1.391492073854848,0.2767450978364187,0.07918803560007703,0.0010275630903356899],[0.0],[0.0,0.0]]}}
{"msg_id":"error_code","data":{"code":["16000000","12000000","12000000","13000000"],"timestamp":1747102473.8853648}}
{"msg_id":"on_ota_update","data":{}}
{"msg_id":"joint_position","data":{"pos":[[0.0,0.0,0.0],[0.16399584486377827,-0.6537878210724237,0.4897999916300044,0.0],[-0.911583067661251,-0.6412146006530086,-0.769219360980188,0.8247528687673668,-0.442559965918958,-0.04020389196127495,-0.4866013577649416],[0.009109898438120838],[0.20824745372806946,-0.6251332484475141,0.6850344053224611,1.391492073854848,0.2767450978364187,0.07918803560007703,0.0010275630903356899],[0.0],[0.0,0.0]]}}
{"msg_id":"error_code","data":{"code":["16000000","12000000","12000000","13000000"],"timestamp":1747102473.985909}}
{"msg_id":"on_ota_update","data":{}}
{"msg_id":"joint_position","data":{"pos":[[0.0,0.0,0.0],[0.16399584486377827,-0.6537878210724237,0.4897999916300044,0.0],[-0.911583067661251,-0.6412146006530086,-0.769219360980188,0.8247528687673668,-0.442559965918958,-0.04020389196127495,-0.4866013577649416],[0.009109898438120838],[0.20824745372806946,-0.6251332484475141,0.6850344053224611,1.391492073854848,0.2767450978364187,0.07918803560007703,0.0010275630903356899],[0.0],[0.0,0.0]]}}
{"msg_id":"error_code","data":{"code":["16000000","12000000","12000000","13000000"],"timestamp":1747102474.087091}}
{"msg_id":"on_ota_update","data":{}}
{"msg_id":"joint_position","data":{"pos":[[0.0,0.0,0.0],[0.16399584486377827,-0.6537878210724237,0.4897999916300044,0.0],[-0.911583067661251,-0.6412146006530086,-0.769219360980188,0.8247528687673668,-0.442559965918958,-0.04020389196127495,-0.4866013577649416],[0.009109898438120838],[0.20824745372806946,-0.6251332484475141,0.6850344053224611,1.391492073854848,0.2767450978364187,0.07918803560007703,0.0010275630903356899],[0.0],[0.0,0.0]]}}
{"msg_id":"error_code","data":{"code":["16000000","12000000","12000000","13000000"],"timestamp":1747102474.1880453}}
{"msg_id":"on_ota_update","data":{}}
{"msg_id":"joint_position","data":{"pos":[[0.0,0.0,0.0],[0.16399584486377827,-0.6537878210724237,0.4897999916300044,0.0],[-0.911583067661251,-0.6412146006530086,-0.769219360980188,0.8247528687673668,-0.442559965918958,-0.04020389196127495,-0.4866013577649416],[0.009109898438120838],[0.20824745372806946,-0.6251332484475141,0.6850344053224611,1.391492073854848,0.2767450978364187,0.07918803560007703,0.0010275630903356899],[0.0],[0.0,0.0]]}}
{"msg_id":"error_code","data":{"code":["16000000","12000000","12000000","13000000"],"timestamp":1747102474.288442}}
{"msg_id":"on_ota_update","data":{}}
{"msg_id":"joint_position","data":{"pos":[[0.0,0.0,0.0],[0.16399584486377827,-0.6537878210724237,0.4897999916300044,0.0],[-0.911583067661251,-0.6412146006530086,-0.769219360980188,0.8247528687673668,-0.442559965918958,-0.04020389196127495,-0.4866013577649416],[0.009109898438120838],[0.20824745372806946,-0.6251332484475141,0.6850344053224611,1.391492073854848,0.2767450978364187,0.07918803560007703,0.0010275630903356899],[0.0],[0.0,0.0]]}}
{"msg_id":"error_code","data":{"code":["16000000","12000000","12000000","13000000"],"timestamp":1747102474.3895223}}
{"msg_id":"on_ota_update","data":{}}
{"msg_id":"joint_position","data":{"pos":[[0.0,0.0,0.0],[0.16399584486377827,-0.6537878210724237,0.4897999916300044,0.0],[-0.911583067661251,-0.6412146006530086,-0.769219360980188,0.8247528687673668,-0.442559965918958,-0.04020389196127495,-0.4866013577649416],[0.009109898438120838],[0.20824745372806946,-0.6251332484475141,0.6850344053224611,1.391492073854848,0.2767450978364187,0.07918803560007703,0.0010275630903356899],[0.0],[0.0,0.0]]}}
{"msg_id":"error_code","data":{"code":["16000000","12000000","12000000","13000000"],"timestamp":1747102474.4896274}}
{"msg_id":"on_ota_update","data":{}}
{"msg_id":"joint_position","data":{"pos":[[0.0,0.0,0.0],[0.16399584486377827,-0.6537878210724237,0.4897999916300044,0.0],[-0.911583067661251,-0.6412146006530086,-0.769219360980188,0.8247528687673668,-0.442559965918958,-0.04020389196127495,-0.4866013577649416],[0.009109898438120838],[0.20824745372806946,-0.6251332484475141,0.6850344053224611,1.391492073854848,0.2767450978364187,0.07918803560007703,0.0010275630903356899],[0.0],[0.0,0.0]]}}
{"msg_id":"error_code","data":{"code":["16000000","12000000","12000000","13000000"],"timestamp":1747102474.5904217}}
{"msg_id":"on_ota_update","data":{}}
{"msg_id":"joint_position","data":{"pos":[[0.0,0.0,0.0],[0.16399584486377827,-0.6537878210724237,0.4897999916300044,0.0],[-0.911583067661251,-0.6412146006530086,-0.769219360980188,0.8247528687673668,-0.442559965918958,-0.04020389196127495,-0.4866013577649416],[0.009109898438120838],[0.20824745372806946,-0.6251332484475141,0.6850344053224611,1.391492073854848,0.2767450978364187,0.07918803560007703,0.0010275630903356899],[0.0],[0.0,0.0]]}}
{"msg_id":"error_code","data":{"code":["16000000","12000000","12000000","13000000"],"timestamp":1747102474.6918447}}
{"msg_id":"on_ota_update","data":{}}
{"msg_id":"joint_position","data":{"pos":[[0.0,0.0,0.0],[0.16399584486377827,-0.6537878210724237,0.4897999916300044,0.0],[-0.911583067661251,-0.6412146006530086,-0.769219360980188,0.8247528687673668,-0.442559965918958,-0.04020389196127495,-0.4866013577649416],[0.009109898438120838],[0.20824745372806946,-0.6251332484475141,0.6850344053224611,1.391492073854848,0.2767450978364187,0.07918803560007703,0.0010275630903356899],[0.0],[0.0,0.0]]}}
{"msg_id":"error_code","data":{"code":["16000000","12000000","12000000","13000000"],"timestamp":1747102474.792186}}
{"msg_id":"on_ota_update","data":{}}
{"msg_id":"joint_position","data":{"pos":[[0.0,0.0,0.0],[0.16399584486377827,-0.6537878210724237,0.4897999916300044,0.0],[-0.911583067661251,-0.6412146006530086,-0.769219360980188,0.8247528687673668,-0.442559965918958,-0.04020389196127495,-0.4866013577649416],[0.009109898438120838],[0.20824745372806946,-0.6251332484475141,0.6850344053224611,1.391492073854848,0.2767450978364187,0.07918803560007703,0.0010275630903356899],[0.0],[0.0,0.0]]}}
{"msg_id":"error_code","data":{"code":["16000000","12000000","12000000","13000000"],"timestamp":1747102474.8930032}}
{"msg_id":"on_ota_update","data":{}}
{"msg_id":"joint_position","data":{"pos":[[0.0,0.0,0.0],[0.16399584486377827,-0.6537878210724237,0.4897999916300044,0.0],[-0.911583067661251,-0.6412146006530086,-0.769219360980188,0.8247528687673668,-0.442559965918958,-0.04020389196127495,-0.4866013577649416],[0.009109898438120838],[0.20824745372806946,-0.6251332484475141,0.6850344053224611,1.391492073854848,0.2767450978364187,0.07918803560007703,0.0010275630903356899],[0.0],[0.0,0.0]]}}
{"msg_id":"error_code","data":{"code":["16000000","12000000","12000000","13000000"],"timestamp":1747102474.9934807}}
{"msg_id":"on_ota_update","data":{}}
{"msg_id":"joint_position","data":{"pos":[[0.0,0.0,0.0],[0.16399584486377827,-0.6537878210724237,0.4897999916300044,0.0],[-0.911583067661251,-0.6412146006530086,-0.769219360980188,0.8247528687673668,-0.442559965918958,-0.04020389196127495,-0.4866013577649416],[0.009109898438120838],[0.20824745372806946,-0.6251332484475141,0.6850344053224611,1.391492073854848,0.2767450978364187,0.07918803560007703,0.0010275630903356899],[0.0],[0.0,0.0]]}}
{"msg_id":"error_code","data":{"code":["16000000","12000000","12000000","13000000"],"timestamp":1747102475.093607}}
{"msg_id":"on_ota_update","data":{}}
{"msg_id":"joint_position","data":{"pos":[[0.0,0.0,0.0],[0.16399584486377827,-0.6537878210724237,0.4897999916300044,0.0],[-0.911583067661251,-0.6412146006530086,-0.769219360980188,0.8247528687673668,-0.442559965918958,-0.04020389196127495,-0.4866013577649416],[0.009109898438120838],[0.20824745372806946,-0.6251332484475141,0.6850344053224611,1.391492073854848,0.2767450978364187,0.07918803560007703,0.0010275630903356899],[0.0],[0.0,0.0]]}}
{"msg_id":"error_code","data":{"code":["16000000","12000000","12000000","13000000"],"timestamp":1747102475.1942866}}
{"msg_id":"on_ota_update","data":{}}
{"msg_id":"joint_position","data":{"pos":[[0.0,0.0,0.0],[0.16399584486377827,-0.6537878210724237,0.4897999916300044,0.0],[-0.911583067661251,-0.6412146006530086,-0.769219360980188,0.8247528687673668,-0.442559965918958,-0.04020389196127495,-0.4866013577649416],[0.009109898438120838],[0.20824745372806946,-0.6251332484475141,0.6850344053224611,1.391492073854848,0.2767450978364187,0.07918803560007703,0.0010275630903356899],[0.0],[0.0,0.0]]}}
{"msg_id":"error_code","data":{"code":["16000000","12000000","12000000","13000000"],"timestamp":1747102475.2946362}}
{"msg_id":"on_ota_update","data":{}}
{"msg_id":"joint_position","data":{"pos":[[0.0,0.0,0.0],[0.16399584486377827,-0.6537878210724237,0.4897999916300044,0.0],[-0.911583067661251,-0.6412146006530086,-0.769219360980188,0.8247528687673668,-0.442559965918958,-0.04020389196127495,-0.4866013577649416],[0.009109898438120838],[0.20824745372806946,-0.6251332484475141,0.6850344053224611,1.391492073854848,0.2767450978364187,0.07918803560007703,0.0010275630903356899],[0.0],[0.0,0.0]]}}
{"msg_id":"error_code","data":{"code":["16000000","12000000","12000000","13000000"],"timestamp":1747102475.3951268}}
{"msg_id":"on_ota_update","data":{}}
{"msg_id":"joint_position","data":{"pos":[[0.0,0.0,0.0],[0.16399584486377827,-0.6537878210724237,0.4897999916300044,0.0],[-0.911583067661251,-0.6412146006530086,-0.769219360980188,0.8247528687673668,-0.442559965918958,-0.04020389196127495,-0.4866013577649416],[0.009109898438120838],[0.20824745372806946,-0.6251332484475141,0.6850344053224611,1.391492073854848,0.2767450978364187,0.07918803560007703,0.0010275630903356899],[0.0],[0.0,0.0]]}}
{"msg_id":"error_code","data":{"code":["16000000","12000000","12000000","13000000"],"timestamp":1747102475.4958587}}
{"msg_id":"on_ota_update","data":{}}
{"msg_id":"joint_position","data":{"pos":[[0.0,0.0,0.0],[0.16399584486377827,-0.6537878210724237,0.4897999916300044,0.0],[-0.911583067661251,-0.6412146006530086,-0.769219360980188,0.8247528687673668,-0.442559965918958,-0.04020389196127495,-0.4866013577649416],[0.009109898438120838],[0.20824745372806946,-0.6251332484475141,0.6850344053224611,1.391492073854848,0.2767450978364187,0.07918803560007703,0.0010275630903356899],[0.0],[0.0,0.0]]}}
{"msg_id":"error_code","data":{"code":["16000000","12000000","12000000","13000000"],"timestamp":1747102475.5967836}}
{"msg_id":"on_ota_update","data":{}}
{"msg_id":"joint_position","data":{"pos":[[0.0,0.0,0.0],[0.16399584486377827,-0.6537878210724237,0.4897999916300044,0.0],[-0.911583067661251,-0.6412146006530086,-0.769219360980188,0.8247528687673668,-0.442559965918958,-0.04020389196127495,-0.4866013577649416],[0.009109898438120838],[0.20824745372806946,-0.6251332484475141,0.6850344053224611,1.391492073854848,0.2767450978364187,0.07918803560007703,0.0010275630903356899],[0.0],[0.0,0.0]]}}
{"msg_id":"error_code","data":{"code":["16000000","12000000","12000000","13000000"],"timestamp":1747102475.6978776}}
{"msg_id":"on_ota_update","data":{}}
{"msg_id":"joint_position","data":{"pos":[[0.0,0.0,0.0],[0.16399584486377827,-0.6537878210724237,0.4897999916300044,0.0],[-0.911583067661251,-0.6412146006530086,-0.769219360980188,0.8247528687673668,-0.442559965918958,-0.04020389196127495,-0.4866013577649416],[0.009109898438120838],[0.20824745372806946,-0.6251332484475141,0.6850344053224611,1.391492073854848,0.2767450978364187,0.07918803560007703,0.0010275630903356899],[0.0],[0.0,0.0]]}}
{"msg_id":"error_code","data":{"code":["16000000","12000000","12000000","13000000"],"timestamp":1747102475.7985675}}
{"msg_id":"on_ota_update","data":{}}
{"msg_id":"joint_position","data":{"pos":[[0.0,0.0,0.0],[0.16399584486377827,-0.6537878210724237,0.4897999916300044,0.0],[-0.911583067661251,-0.6412146006530086,-0.769219360980188,0.8247528687673668,-0.442559965918958,-0.04020389196127495,-0.4866013577649416],[0.009109898438120838],[0.20824745372806946,-0.6251332484475141,0.6850344053224611,1.391492073854848,0.2767450978364187,0.07918803560007703,0.0010275630903356899],[0.0],[0.0,0.0]]}}
{"msg_id":"error_code","data":{"code":["16000000","12000000","12000000","13000000"],"timestamp":1747102475.8993056}}
{"msg_id":"on_ota_update","data":{}}
{"msg_id":"joint_position","data":{"pos":[[0.0,0.0,0.0],[0.16399584486377827,-0.6537878210724237,0.4897999916300044,0.0],[-0.911583067661251,-0.6412146006530086,-0.769219360980188,0.8247528687673668,-0.442559965918958,-0.04020389196127495,-0.4866013577649416],[0.009109898438120838],[0.20824745372806946,-0.6251332484475141,0.6850344053224611,1.391492073854848,0.2767450978364187,0.07918803560007703,0.0010275630903356899],[0.0],[0.0,0.0]]}}
{"msg_id":"error_code","data":{"code":["16000000","12000000","12000000","13000000"],"timestamp":1747102476.0001862}}
{"msg_id":"on_ota_update","data":{}}
{"msg_id":"joint_position","data":{"pos":[[0.0,0.0,0.0],[0.16399584486377827,-0.6537878210724237,0.4897999916300044,0.0],[-0.911583067661251,-0.6412146006530086,-0.769219360980188,0.8247528687673668,-0.442559965918958,-0.04020389196127495,-0.4866013577649416],[0.009109898438120838],[0.20824745372806946,-0.6251332484475141,0.6850344053224611,1.391492073854848,0.2767450978364187,0.07918803560007703,0.0010275630903356899],[0.0],[0.0,0.0]]}}
{"msg_id":"error_code","data":{"code":["16000000","12000000","12000000","13000000"],"timestamp":1747102476.100406}}
{"msg_id":"on_ota_update","data":{}}
{"msg_id":"joint_position","data":{"pos":[[0.0,0.0,0.0],[0.16399584486377827,-0.6537878210724237,0.4897999916300044,0.0],[-0.911583067661251,-0.6412146006530086,-0.769219360980188,0.8247528687673668,-0.442559965918958,-0.04020389196127495,-0.4866013577649416],[0.009109898438120838],[0.20824745372806946,-0.6251332484475141,0.6850344053224611,1.391492073854848,0.2767450978364187,0.07918803560007703,0.0010275630903356899],[0.0],[0.0,0.0]]}}
{"msg_id":"error_code","data":{"code":["16000000","12000000","12000000","13000000"],"timestamp":1747102476.2013264}}
{"msg_id":"on_ota_update","data":{}}
{"msg_id":"joint_position","data":{"pos":[[0.0,0.0,0.0],[0.16399584486377827,-0.6537878210724237,0.4897999916300044,0.0],[-0.911583067661251,-0.6412146006530086,-0.769219360980188,0.8247528687673668,-0.442559965918958,-0.04020389196127495,-0.4866013577649416],[0.009109898438120838],[0.20824745372806946,-0.6251332484475141,0.6850344053224611,1.391492073854848,0.2767450978364187,0.07918803560007703,0.0010275630903356899],[0.0],[0.0,0.0]]}}
{"msg_id":"error_code","data":{"code":["16000000","12000000","12000000","13000000"],"timestamp":1747102476.3026357}}
{"msg_id":"on_ota_update","data":{}}
{"msg_id":"joint_position","data":{"pos":[[0.0,0.0,0.0],[0.16399584486377827,-0.6537878210724237,0.4897999916300044,0.0],[-0.911583067661251,-0.6412146006530086,-0.769219360980188,0.8247528687673668,-0.442559965918958,-0.04020389196127495,-0.4866013577649416],[0.009109898438120838],[0.20824745372806946,-0.6251332484475141,0.6850344053224611,1.391492073854848,0.2767450978364187,0.07918803560007703,0.0010275630903356899],[0.0],[0.0,0.0]]}}
{"msg_id":"error_code","data":{"code":["16000000","12000000","12000000","13000000"],"timestamp":1747102476.4032943}}
{"msg_id":"on_ota_update","data":{}}
{"msg_id":"joint_position","data":{"pos":[[0.0,0.0,0.0],[0.16399584486377827,-0.6537878210724237,0.4897999916300044,0.0],[-0.911583067661251,-0.6412146006530086,-0.769219360980188,0.8247528687673668,-0.442559965918958,-0.04020389196127495,-0.4866013577649416],[0.009109898438120838],[0.20824745372806946,-0.6251332484475141,0.6850344053224611,1.391492073854848,0.2767450978364187,0.07918803560007703,0.0010275630903356899],[0.0],[0.0,0.0]]}}
{"msg_id":"error_code","data":{"code":["16000000","12000000","12000000","13000000"],"timestamp":1747102476.5036414}}
{"msg_id":"on_ota_update","data":{}}
{"msg_id":"joint_position","data":{"pos":[[0.0,0.0,0.0],[0.16399584486377827,-0.6537878210724237,0.4897999916300044,0.0],[-0.911583067661251,-0.6412146006530086,-0.769219360980188,0.8247528687673668,-0.442559965918958,-0.04020389196127495,-0.4866013577649416],[0.009109898438120838],[0.20824745372806946,-0.6251332484475141,0.6850344053224611,1.391492073854848,0.2767450978364187,0.07918803560007703,0.0010275630903356899],[0.0],[0.0,0.0]]}}
{"msg_id":"error_code","data":{"code":["16000000","12000000","12000000","13000000"],"timestamp":1747102476.6038477}}
{"msg_id":"on_ota_update","data":{}}
{"msg_id":"joint_position","data":{"pos":[[0.0,0.0,0.0],[0.16399584486377827,-0.6537878210724237,0.4897999916300044,0.0],[-0.911583067661251,-0.6412146006530086,-0.769219360980188,0.8247528687673668,-0.442559965918958,-0.04020389196127495,-0.4866013577649416],[0.009109898438120838],[0.20824745372806946,-0.6251332484475141,0.6850344053224611,1.391492073854848,0.2767450978364187,0.07918803560007703,0.0010275630903356899],[0.0],[0.0,0.0]]}}
{"msg_id":"error_code","data":{"code":["16000000","12000000","12000000","13000000"],"timestamp":1747102476.7054083}}
{"msg_id":"on_ota_update","data":{}}
{"msg_id":"joint_position","data":{"pos":[[0.0,0.0,0.0],[0.16399584486377827,-0.6537878210724237,0.4897999916300044,0.0],[-0.911583067661251,-0.6412146006530086,-0.769219360980188,0.8247528687673668,-0.442559965918958,-0.04020389196127495,-0.4866013577649416],[0.009109898438120838],[0.20824745372806946,-0.6251332484475141,0.6850344053224611,1.391492073854848,0.2767450978364187,0.07918803560007703,0.0010275630903356899],[0.0],[0.0,0.0]]}}
{"msg_id":"error_code","data":{"code":["16000000","12000000","12000000","13000000"],"timestamp":1747102476.8061023}}
{"msg_id":"on_ota_update","data":{}}
{"msg_id":"joint_position","data":{"pos":[[0.0,0.0,0.0],[0.16399584486377827,-0.6537878210724237,0.4897999916300044,0.0],[-0.911583067661251,-0.6412146006530086,-0.769219360980188,0.8247528687673668,-0.442559965918958,-0.04020389196127495,-0.4866013577649416],[0.009109898438120838],[0.20824745372806946,-0.6251332484475141,0.6850344053224611,1.391492073854848,0.2767450978364187,0.07918803560007703,0.0010275630903356899],[0.0],[0.0,0.0]]}}
{"msg_id":"error_code","data":{"code":["16000000","12000000","12000000","13000000"],"timestamp":1747102476.9067745}}
{"msg_id":"on_ota_update","data":{}}
{"msg_id":"joint_position","data":{"pos":[[0.0,0.0,0.0],[0.16399584486377827,-0.6537878210724237,0.4897999916300044,0.0],[-0.911583067661251,-0.6412146006530086,-0.769219360980188,0.8247528687673668,-0.442559965918958,-0.04020389196127495,-0.4866013577649416],[0.009109898438120838],[0.20824745372806946,-0.6251332484475141,0.6850344053224611,1.391492073854848,0.2767450978364187,0.07918803560007703,0.0010275630903356899],[0.0],[0.0,0.0]]}}
{"msg_id":"error_code","data":{"code":["16000000","12000000","12000000","13000000"],"timestamp":1747102477.00727}}
{"msg_id":"on_ota_update","data":{}}
{"msg_id":"joint_position","data":{"pos":[[0.0,0.0,0.0],[0.16399584486377827,-0.6537878210724237,0.4897999916300044,0.0],[-0.911583067661251,-0.6412146006530086,-0.769219360980188,0.8247528687673668,-0.442559965918958,-0.04020389196127495,-0.4866013577649416],[0.009109898438120838],[0.20824745372806946,-0.6251332484475141,0.6850344053224611,1.391492073854848,0.2767450978364187,0.07918803560007703,0.0010275630903356899],[0.0],[0.0,0.0]]}}
{"msg_id":"error_code","data":{"code":["16000000","12000000","12000000","13000000"],"timestamp":1747102477.1078534}}
{"msg_id":"on_ota_update","data":{}}
{"msg_id":"joint_position","data":{"pos":[[0.0,0.0,0.0],[0.16399584486377827,-0.6537878210724237,0.4897999916300044,0.0],[-0.911583067661251,-0.6412146006530086,-0.769219360980188,0.8247528687673668,-0.442559965918958,-0.04020389196127495,-0.4866013577649416],[0.009109898438120838],[0.20824745372806946,-0.6251332484475141,0.6850344053224611,1.391492073854848,0.2767450978364187,0.07918803560007703,0.0010275630903356899],[0.0],[0.0,0.0]]}}
{"msg_id":"error_code","data":{"code":["16000000","12000000","12000000","13000000"],"timestamp":1747102477.2083535}}
{"msg_id":"on_ota_update","data":{}}
{"msg_id":"joint_position","data":{"pos":[[0.0,0.0,0.0],[0.16399584486377827,-0.6537878210724237,0.4897999916300044,0.0],[-0.911583067661251,-0.6412146006530086,-0.769219360980188,0.8247528687673668,-0.442559965918958,-0.04020389196127495,-0.4866013577649416],[0.009109898438120838],[0.20824745372806946,-0.6251332484475141,0.6850344053224611,1.391492073854848,0.2767450978364187,0.07918803560007703,0.0010275630903356899],[0.0],[0.0,0.0]]}}
{"msg_id":"error_code","data":{"code":["16000000","12000000","12000000","13000000"],"timestamp":1747102477.308734}}
{"msg_id":"on_ota_update","data":{}}
{"msg_id":"joint_position","data":{"pos":[[0.0,0.0,0.0],[0.16399584486377827,-0.6537878210724237,0.4897999916300044,0.0],[-0.911583067661251,-0.6412146006530086,-0.769219360980188,0.8247528687673668,-0.442559965918958,-0.04020389196127495,-0.4866013577649416],[0.009109898438120838],[0.20824745372806946,-0.6251332484475141,0.6850344053224611,1.391492073854848,0.2767450978364187,0.07918803560007703,0.0010275630903356899],[0.0],[0.0,0.0]]}}
{"msg_id":"error_code","data":{"code":["16000000","12000000","12000000","13000000"],"timestamp":1747102477.409769}}
{"msg_id":"on_ota_update","data":{}}
{"msg_id":"joint_position","data":{"pos":[[0.0,0.0,0.0],[0.16399584486377827,-0.6537878210724237,0.4897999916300044,0.0],[-0.911583067661251,-0.6412146006530086,-0.769219360980188,0.8247528687673668,-0.442559965918958,-0.04020389196127495,-0.4866013577649416],[0.009109898438120838],[0.20824745372806946,-0.6251332484475141,0.6850344053224611,1.391492073854848,0.2767450978364187,0.07918803560007703,0.0010275630903356899],[0.0],[0.0,0.0]]}}
{"msg_id":"error_code","data":{"code":["16000000","12000000","12000000","13000000"],"timestamp":1747102477.5104656}}
{"msg_id":"on_ota_update","data":{}}
{"msg_id":"joint_position","data":{"pos":[[0.0,0.0,0.0],[0.16399584486377827,-0.6537878210724237,0.4897999916300044,0.0],[-0.911583067661251,-0.6412146006530086,-0.769219360980188,0.8247528687673668,-0.442559965918958,-0.04020389196127495,-0.4866013577649416],[0.009109898438120838],[0.20824745372806946,-0.6251332484475141,0.6850344053224611,1.391492073854848,0.2767450978364187,0.07918803560007703,0.0010275630903356899],[0.0],[0.0,0.0]]}}
{"msg_id":"error_code","data":{"code":["16000000","12000000","12000000","13000000"],"timestamp":1747102477.6120245}}
{"msg_id":"on_ota_update","data":{}}
{"msg_id":"joint_position","data":{"pos":[[0.0,0.0,0.0],[0.16399584486377827,-0.6537878210724237,0.4897999916300044,0.0],[-0.911583067661251,-0.6412146006530086,-0.769219360980188,0.8247528687673668,-0.442559965918958,-0.04020389196127495,-0.4866013577649416],[0.009109898438120838],[0.20824745372806946,-0.6251332484475141,0.6850344053224611,1.391492073854848,0.2767450978364187,0.07918803560007703,0.0010275630903356899],[0.0],[0.0,0.0]]}}
{"msg_id":"error_code","data":{"code":["16000000","12000000","12000000","13000000"],"timestamp":1747102477.7129812}}
{"msg_id":"on_ota_update","data":{}}
{"msg_id":"joint_position","data":{"pos":[[0.0,0.0,0.0],[0.16399584486377827,-0.6537878210724237,0.4897999916300044,0.0],[-0.911583067661251,-0.6412146006530086,-0.769219360980188,0.8247528687673668,-0.442559965918958,-0.04020389196127495,-0.4866013577649416],[0.009109898438120838],[0.20824745372806946,-0.6251332484475141,0.6850344053224611,1.391492073854848,0.2767450978364187,0.07918803560007703,0.0010275630903356899],[0.0],[0.0,0.0]]}}
{"msg_id":"error_code","data":{"code":["16000000","12000000","12000000","13000000"],"timestamp":1747102477.813478}}
{"msg_id":"on_ota_update","data":{}}
{"msg_id":"joint_position","data":{"pos":[[0.0,0.0,0.0],[0.16399584486377827,-0.6537878210724237,0.4897999916300044,0.0],[-0.911583067661251,-0.6412146006530086,-0.769219360980188,0.8247528687673668,-0.442559965918958,-0.04020389196127495,-0.4866013577649416],[0.009109898438120838],[0.20824745372806946,-0.6251332484475141,0.6850344053224611,1.391492073854848,0.2767450978364187,0.07918803560007703,0.0010275630903356899],[0.0],[0.0,0.0]]}}
{"msg_id":"error_code","data":{"code":["16000000","12000000","12000000","13000000"],"timestamp":1747102477.9140313}}
{"msg_id":"on_ota_update","data":{}}
{"msg_id":"joint_position","data":{"pos":[[0.0,0.0,0.0],[0.16399584486377827,-0.6537878210724237,0.4897999916300044,0.0],[-0.911583067661251,-0.6412146006530086,-0.769219360980188,0.8247528687673668,-0.442559965918958,-0.04020389196127495,-0.4866013577649416],[0.009109898438120838],[0.20824745372806946,-0.6251332484475141,0.6850344053224611,1.391492073854848,0.2767450978364187,0.07918803560007703,0.0010275630903356899],[0.0],[0.0,0.0]]}}
{"msg_id":"error_code","data":{"code":["16000000","12000000","12000000","13000000"],"timestamp":1747102478.0146701}}
{"msg_id":"on_ota_update","data":{}}
{"msg_id":"joint_position","data":{"pos":[[0.0,0.0,0.0],[0.16399584486377827,-0.6537878210724237,0.4897999916300044,0.0],[-0.911583067661251,-0.6412146006530086,-0.769219360980188,0.8247528687673668,-0.442559965918958,-0.04020389196127495,-0.4866013577649416],[0.009109898438120838],[0.20824745372806946,-0.6251332484475141,0.6850344053224611,1.391492073854848,0.2767450978364187,0.07918803560007703,0.0010275630903356899],[0.0],[0.0,0.0]]}}
{"msg_id":"error_code","data":{"code":["16000000","12000000","12000000","13000000"],"timestamp":1747102478.1153717}}
{"msg_id":"on_ota_update","data":{}}
{"msg_id":"joint_position","data":{"pos":[[0.0,0.0,0.0],[0.16399584486377827,-0.6537878210724237,0.4897999916300044,0.0],[-0.911583067661251,-0.6412146006530086,-0.769219360980188,0.8247528687673668,-0.442559965918958,-0.04020389196127495,-0.4866013577649416],[0.009109898438120838],[0.20824745372806946,-0.6251332484475141,0.6850344053224611,1.391492073854848,0.2767450978364187,0.07918803560007703,0.0010275630903356899],[0.0],[0.0,0.0]]}}
{"msg_id":"error_code","data":{"code":["16000000","12000000","12000000","13000000"],"timestamp":1747102478.2158456}}
{"msg_id":"on_ota_update","data":{}}
{"msg_id":"joint_position","data":{"pos":[[0.0,0.0,0.0],[0.16399584486377827,-0.6537878210724237,0.4897999916300044,0.0],[-0.911583067661251,-0.6412146006530086,-0.769219360980188,0.8247528687673668,-0.442559965918958,-0.04020389196127495,-0.4866013577649416],[0.009109898438120838],[0.20824745372806946,-0.6251332484475141,0.6850344053224611,1.391492073854848,0.2767450978364187,0.07918803560007703,0.0010275630903356899],[0.0],[0.0,0.0]]}}
{"msg_id":"error_code","data":{"code":["16000000","12000000","12000000","13000000"],"timestamp":1747102478.3173335}}
{"msg_id":"on_ota_update","data":{}}
{"msg_id":"joint_position","data":{"pos":[[0.0,0.0,0.0],[0.16399584486377827,-0.6537878210724237,0.4897999916300044,0.0],[-0.911583067661251,-0.6412146006530086,-0.769219360980188,0.8247528687673668,-0.442559965918958,-0.04020389196127495,-0.4866013577649416],[0.009109898438120838],[0.20824745372806946,-0.6251332484475141,0.6850344053224611,1.391492073854848,0.2767450978364187,0.07918803560007703,0.0010275630903356899],[0.0],[0.0,0.0]]}}
{"msg_id":"error_code","data":{"code":["16000000","12000000","12000000","13000000"],"timestamp":1747102478.4183521}}
{"msg_id":"on_ota_update","data":{}}
{"msg_id":"joint_position","data":{"pos":[[0.0,0.0,0.0],[0.16399584486377827,-0.6537878210724237,0.4897999916300044,0.0],[-0.911583067661251,-0.6412146006530086,-0.769219360980188,0.8247528687673668,-0.442559965918958,-0.04020389196127495,-0.4866013577649416],[0.009109898438120838],[0.20824745372806946,-0.6251332484475141,0.6850344053224611,1.391492073854848,0.2767450978364187,0.07918803560007703,0.0010275630903356899],[0.0],[0.0,0.0]]}}
{"msg_id":"error_code","data":{"code":["16000000","12000000","12000000","13000000"],"timestamp":1747102478.5183065}}
{"msg_id":"on_ota_update","data":{}}
{"msg_id":"joint_position","data":{"pos":[[0.0,0.0,0.0],[0.16399584486377827,-0.6537878210724237,0.4897999916300044,0.0],[-0.911583067661251,-0.6412146006530086,-0.769219360980188,0.8247528687673668,-0.442559965918958,-0.04020389196127495,-0.4866013577649416],[0.009109898438120838],[0.20824745372806946,-0.6251332484475141,0.6850344053224611,1.391492073854848,0.2767450978364187,0.07918803560007703,0.0010275630903356899],[0.0],[0.0,0.0]]}}
{"msg_id":"error_code","data":{"code":["16000000","12000000","12000000","13000000"],"timestamp":1747102478.6187575}}
{"msg_id":"on_ota_update","data":{}}
{"msg_id":"joint_position","data":{"pos":[[0.0,0.0,0.0],[0.16399584486377827,-0.6537878210724237,0.4897999916300044,0.0],[-0.911583067661251,-0.6412146006530086,-0.769219360980188,0.8247528687673668,-0.442559965918958,-0.04020389196127495,-0.4866013577649416],[0.009109898438120838],[0.20824745372806946,-0.6251332484475141,0.6850344053224611,1.391492073854848,0.2767450978364187,0.07918803560007703,0.0010275630903356899],[0.0],[0.0,0.0]]}}
{"msg_id":"error_code","data":{"code":["16000000","12000000","12000000","13000000"],"timestamp":1747102478.7195652}}
{"msg_id":"on_ota_update","data":{}}
{"msg_id":"joint_position","data":{"pos":[[0.0,0.0,0.0],[0.16399584486377827,-0.6537878210724237,0.4897999916300044,0.0],[-0.911583067661251,-0.6412146006530086,-0.769219360980188,0.8247528687673668,-0.442559965918958,-0.04020389196127495,-0.4866013577649416],[0.009109898438120838],[0.20824745372806946,-0.6251332484475141,0.6850344053224611,1.391492073854848,0.2767450978364187,0.07918803560007703,0.0010275630903356899],[0.0],[0.0,0.0]]}}
{"msg_id":"error_code","data":{"code":["16000000","12000000","12000000","13000000"],"timestamp":1747102478.820905}}
{"msg_id":"on_ota_update","data":{}}
{"msg_id":"joint_position","data":{"pos":[[0.0,0.0,0.0],[0.16399584486377827,-0.6537878210724237,0.4897999916300044,0.0],[-0.911583067661251,-0.6412146006530086,-0.769219360980188,0.8247528687673668,-0.442559965918958,-0.04020389196127495,-0.4866013577649416],[0.009109898438120838],[0.20824745372806946,-0.6251332484475141,0.6850344053224611,1.391492073854848,0.2767450978364187,0.07918803560007703,0.0010275630903356899],[0.0],[0.0,0.0]]}}
{"msg_id":"error_code","data":{"code":["16000000","12000000","12000000","13000000"],"timestamp":1747102478.921018}}
{"msg_id":"on_ota_update","data":{}}
{"msg_id":"joint_position","data":{"pos":[[0.0,0.0,0.0],[0.16399584486377827,-0.6537878210724237,0.4897999916300044,0.0],[-0.911583067661251,-0.6412146006530086,-0.769219360980188,0.8247528687673668,-0.442559965918958,-0.04020389196127495,-0.4866013577649416],[0.009109898438120838],[0.20824745372806946,-0.6251332484475141,0.6850344053224611,1.391492073854848,0.2767450978364187,0.07918803560007703,0.0010275630903356899],[0.0],[0.0,0.0]]}}
{"msg_id":"error_code","data":{"code":["16000000","12000000","12000000","13000000"],"timestamp":1747102479.0220208}}
{"msg_id":"on_ota_update","data":{}}
{"msg_id":"joint_position","data":{"pos":[[0.0,0.0,0.0],[0.16399584486377827,-0.6537878210724237,0.4897999916300044,0.0],[-0.911583067661251,-0.6412146006530086,-0.769219360980188,0.8247528687673668,-0.442559965918958,-0.04020389196127495,-0.4866013577649416],[0.009109898438120838],[0.20824745372806946,-0.6251332484475141,0.6850344053224611,1.391492073854848,0.2767450978364187,0.07918803560007703,0.0010275630903356899],[0.0],[0.0,0.0]]}}
{"msg_id":"error_code","data":{"code":["16000000","12000000","12000000","13000000"],"timestamp":1747102479.122622}}
{"msg_id":"on_ota_update","data":{}}
{"msg_id":"joint_position","data":{"pos":[[0.0,0.0,0.0],[0.16399584486377827,-0.6537878210724237,0.4897999916300044,0.0],[-0.911583067661251,-0.6412146006530086,-0.769219360980188,0.8247528687673668,-0.442559965918958,-0.04020389196127495,-0.4866013577649416],[0.009109898438120838],[0.20824745372806946,-0.6251332484475141,0.6850344053224611,1.391492073854848,0.2767450978364187,0.07918803560007703,0.0010275630903356899],[0.0],[0.0,0.0]]}}
{"msg_id":"error_code","data":{"code":["16000000","12000000","12000000","13000000"],"timestamp":1747102479.2235463}}
{"msg_id":"on_ota_update","data":{}}
{"msg_id":"joint_position","data":{"pos":[[0.0,0.0,0.0],[0.16399584486377827,-0.6537878210724237,0.4897999916300044,0.0],[-0.911583067661251,-0.6412146006530086,-0.769219360980188,0.8247528687673668,-0.442559965918958,-0.04020389196127495,-0.4866013577649416],[0.009109898438120838],[0.20824745372806946,-0.6251332484475141,0.6850344053224611,1.391492073854848,0.2767450978364187,0.07918803560007703,0.0010275630903356899],[0.0],[0.0,0.0]]}}
{"msg_id":"error_code","data":{"code":["16000000","12000000","12000000","13000000"],"timestamp":1747102479.3245628}}
{"msg_id":"on_ota_update","data":{}}
{"msg_id":"joint_position","data":{"pos":[[0.0,0.0,0.0],[0.16399584486377827,-0.6537878210724237,0.4897999916300044,0.0],[-0.911583067661251,-0.6412146006530086,-0.769219360980188,0.8247528687673668,-0.442559965918958,-0.04020389196127495,-0.4866013577649416],[0.009109898438120838],[0.20824745372806946,-0.6251332484475141,0.6850344053224611,1.391492073854848,0.2767450978364187,0.07918803560007703,0.0010275630903356899],[0.0],[0.0,0.0]]}}
{"msg_id":"error_code","data":{"code":["16000000","12000000","12000000","13000000"],"timestamp":1747102479.425621}}
{"msg_id":"on_ota_update","data":{}}
{"msg_id":"joint_position","data":{"pos":[[0.0,0.0,0.0],[0.16399584486377827,-0.6537878210724237,0.4897999916300044,0.0],[-0.911583067661251,-0.6412146006530086,-0.769219360980188,0.8247528687673668,-0.442559965918958,-0.04020389196127495,-0.4866013577649416],[0.009109898438120838],[0.20824745372806946,-0.6251332484475141,0.6850344053224611,1.391492073854848,0.2767450978364187,0.07918803560007703,0.0010275630903356899],[0.0],[0.0,0.0]]}}
{"msg_id":"error_code","data":{"code":["16000000","12000000","12000000","13000000"],"timestamp":1747102479.5265036}}
{"msg_id":"on_ota_update","data":{}}
{"msg_id":"joint_position","data":{"pos":[[0.0,0.0,0.0],[0.16399584486377827,-0.6537878210724237,0.4897999916300044,0.0],[-0.911583067661251,-0.6412146006530086,-0.769219360980188,0.8247528687673668,-0.442559965918958,-0.04020389196127495,-0.4866013577649416],[0.009109898438120838],[0.20824745372806946,-0.6251332484475141,0.6850344053224611,1.391492073854848,0.2767450978364187,0.07918803560007703,0.0010275630903356899],[0.0],[0.0,0.0]]}}
{"msg_id":"error_code","data":{"code":["16000000","12000000","12000000","13000000"],"timestamp":1747102479.6272736}}
{"msg_id":"on_ota_update","data":{}}
{"msg_id":"joint_position","data":{"pos":[[0.0,0.0,0.0],[0.16399584486377827,-0.6537878210724237,0.4897999916300044,0.0],[-0.911583067661251,-0.6412146006530086,-0.769219360980188,0.8247528687673668,-0.442559965918958,-0.04020389196127495,-0.4866013577649416],[0.009109898438120838],[0.20824745372806946,-0.6251332484475141,0.6850344053224611,1.391492073854848,0.2767450978364187,0.07918803560007703,0.0010275630903356899],[0.0],[0.0,0.0]]}}
{"msg_id":"error_code","data":{"code":["16000000","12000000","12000000","13000000"],"timestamp":1747102479.7278874}}
{"msg_id":"on_ota_update","data":{}}
{"msg_id":"joint_position","data":{"pos":[[0.0,0.0,0.0],[0.16399584486377827,-0.6537878210724237,0.4897999916300044,0.0],[-0.911583067661251,-0.6412146006530086,-0.769219360980188,0.8247528687673668,-0.442559965918958,-0.04020389196127495,-0.4866013577649416],[0.009109898438120838],[0.20824745372806946,-0.6251332484475141,0.6850344053224611,1.391492073854848,0.2767450978364187,0.07918803560007703,0.0010275630903356899],[0.0],[0.0,0.0]]}}
{"msg_id":"error_code","data":{"code":["16000000","12000000","12000000","13000000"],"timestamp":1747102479.8286288}}
{"msg_id":"on_ota_update","data":{}}
{"msg_id":"joint_position","data":{"pos":[[0.0,0.0,0.0],[0.16399584486377827,-0.6537878210724237,0.4897999916300044,0.0],[-0.911583067661251,-0.6412146006530086,-0.769219360980188,0.8247528687673668,-0.442559965918958,-0.04020389196127495,-0.4866013577649416],[0.009109898438120838],[0.20824745372806946,-0.6251332484475141,0.6850344053224611,1.391492073854848,0.2767450978364187,0.07918803560007703,0.0010275630903356899],[0.0],[0.0,0.0]]}}
{"msg_id":"error_code","data":{"code":["16000000","12000000","12000000","13000000"],"timestamp":1747102479.9294457}}
{"msg_id":"on_ota_update","data":{}}
{"msg_id":"joint_position","data":{"pos":[[0.0,0.0,0.0],[0.16399584486377827,-0.6537878210724237,0.4897999916300044,0.0],[-0.911583067661251,-0.6412146006530086,-0.769219360980188,0.8247528687673668,-0.442559965918958,-0.04020389196127495,-0.4866013577649416],[0.009109898438120838],[0.20824745372806946,-0.6251332484475141,0.6850344053224611,1.391492073854848,0.2767450978364187,0.07918803560007703,0.0010275630903356899],[0.0],[0.0,0.0]]}}
{"msg_id":"error_code","data":{"code":["16000000","12000000","12000000","13000000"],"timestamp":1747102480.0300853}}
{"msg_id":"on_ota_update","data":{}}
{"msg_id":"joint_position","data":{"pos":[[0.0,0.0,0.0],[0.16399584486377827,-0.6537878210724237,0.4897999916300044,0.0],[-0.911583067661251,-0.6412146006530086,-0.769219360980188,0.8247528687673668,-0.442559965918958,-0.04020389196127495,-0.4866013577649416],[0.009109898438120838],[0.20824745372806946,-0.6251332484475141,0.6850344053224611,1.391492073854848,0.2767450978364187,0.07918803560007703,0.0010275630903356899],[0.0],[0.0,0.0]]}}
{"msg_id":"error_code","data":{"code":["16000000","12000000","12000000","13000000"],"timestamp":1747102480.1309998}}
{"msg_id":"on_ota_update","data":{}}
{"msg_id":"joint_position","data":{"pos":[[0.0,0.0,0.0],[0.16399584486377827,-0.6537878210724237,0.4897999916300044,0.0],[-0.911583067661251,-0.6412146006530086,-0.769219360980188,0.8247528687673668,-0.442559965918958,-0.04020389196127495,-0.4866013577649416],[0.009109898438120838],[0.20824745372806946,-0.6251332484475141,0.6850344053224611,1.391492073854848,0.2767450978364187,0.07918803560007703,0.0010275630903356899],[0.0],[0.0,0.0]]}}
{"msg_id":"error_code","data":{"code":["16000000","12000000","12000000","13000000"],"timestamp":1747102480.2319484}}
{"msg_id":"on_ota_update","data":{}}
{"msg_id":"joint_position","data":{"pos":[[0.0,0.0,0.0],[0.16399584486377827,-0.6537878210724237,0.4897999916300044,0.0],[-0.911583067661251,-0.6412146006530086,-0.769219360980188,0.8247528687673668,-0.442559965918958,-0.04020389196127495,-0.4866013577649416],[0.009109898438120838],[0.20824745372806946,-0.6251332484475141,0.6850344053224611,1.391492073854848,0.2767450978364187,0.07918803560007703,0.0010275630903356899],[0.0],[0.0,0.0]]}}
{"msg_id":"error_code","data":{"code":["16000000","12000000","12000000","13000000"],"timestamp":1747102480.33223}}
{"msg_id":"on_ota_update","data":{}}
{"msg_id":"joint_position","data":{"pos":[[0.0,0.0,0.0],[0.16399584486377827,-0.6537878210724237,0.4897999916300044,0.0],[-0.911583067661251,-0.6412146006530086,-0.769219360980188,0.8247528687673668,-0.442559965918958,-0.04020389196127495,-0.4866013577649416],[0.009109898438120838],[0.20824745372806946,-0.6251332484475141,0.6850344053224611,1.391492073854848,0.2767450978364187,0.07918803560007703,0.0010275630903356899],[0.0],[0.0,0.0]]}}
{"msg_id":"error_code","data":{"code":["16000000","12000000","12000000","13000000"],"timestamp":1747102480.4332669}}
{"msg_id":"on_ota_update","data":{}}
{"msg_id":"joint_position","data":{"pos":[[0.0,0.0,0.0],[0.16399584486377827,-0.6537878210724237,0.4897999916300044,0.0],[-0.911583067661251,-0.6412146006530086,-0.769219360980188,0.8247528687673668,-0.442559965918958,-0.04020389196127495,-0.4866013577649416],[0.009109898438120838],[0.20824745372806946,-0.6251332484475141,0.6850344053224611,1.391492073854848,0.2767450978364187,0.07918803560007703,0.0010275630903356899],[0.0],[0.0,0.0]]}}
{"msg_id":"error_code","data":{"code":["16000000","12000000","12000000","13000000"],"timestamp":1747102480.5333037}}
{"msg_id":"on_ota_update","data":{}}
{"msg_id":"joint_position","data":{"pos":[[0.0,0.0,0.0],[0.16399584486377827,-0.6537878210724237,0.4897999916300044,0.0],[-0.911583067661251,-0.6412146006530086,-0.769219360980188,0.8247528687673668,-0.442559965918958,-0.04020389196127495,-0.4866013577649416],[0.009109898438120838],[0.20824745372806946,-0.6251332484475141,0.6850344053224611,1.391492073854848,0.2767450978364187,0.07918803560007703,0.0010275630903356899],[0.0],[0.0,0.0]]}}
{"msg_id":"error_code","data":{"code":["16000000","12000000","12000000","13000000"],"timestamp":1747102480.634353}}
{"msg_id":"on_ota_update","data":{}}
{"msg_id":"joint_position","data":{"pos":[[0.0,0.0,0.0],[0.16399584486377827,-0.6537878210724237,0.4897999916300044,0.0],[-0.911583067661251,-0.6412146006530086,-0.769219360980188,0.8247528687673668,-0.442559965918958,-0.04020389196127495,-0.4866013577649416],[0.009109898438120838],[0.20824745372806946,-0.6251332484475141,0.6850344053224611,1.391492073854848,0.2767450978364187,0.07918803560007703,0.0010275630903356899],[0.0],[0.0,0.0]]}}
{"msg_id":"error_code","data":{"code":["16000000","12000000","12000000","13000000"],"timestamp":1747102480.735137}}
{"msg_id":"on_ota_update","data":{}}
{"msg_id":"joint_position","data":{"pos":[[0.0,0.0,0.0],[0.16399584486377827,-0.6537878210724237,0.4897999916300044,0.0],[-0.911583067661251,-0.6412146006530086,-0.769219360980188,0.8247528687673668,-0.442559965918958,-0.04020389196127495,-0.4866013577649416],[0.009109898438120838],[0.20824745372806946,-0.6251332484475141,0.6850344053224611,1.391492073854848,0.2767450978364187,0.07918803560007703,0.0010275630903356899],[0.0],[0.0,0.0]]}}
{"msg_id":"error_code","data":{"code":["16000000","12000000","12000000","13000000"],"timestamp":1747102480.8360717}}
{"msg_id":"on_ota_update","data":{}}
{"msg_id":"joint_position","data":{"pos":[[0.0,0.0,0.0],[0.16399584486377827,-0.6537878210724237,0.4897999916300044,0.0],[-0.911583067661251,-0.6412146006530086,-0.769219360980188,0.8247528687673668,-0.442559965918958,-0.04020389196127495,-0.4866013577649416],[0.009109898438120838],[0.20824745372806946,-0.6251332484475141,0.6850344053224611,1.391492073854848,0.2767450978364187,0.07918803560007703,0.0010275630903356899],[0.0],[0.0,0.0]]}}
{"msg_id":"error_code","data":{"code":["16000000","12000000","12000000","13000000"],"timestamp":1747102480.9372337}}
{"msg_id":"on_ota_update","data":{}}
{"msg_id":"joint_position","data":{"pos":[[0.0,0.0,0.0],[0.16399584486377827,-0.6537878210724237,0.4897999916300044,0.0],[-0.911583067661251,-0.6412146006530086,-0.769219360980188,0.8247528687673668,-0.442559965918958,-0.04020389196127495,-0.4866013577649416],[0.009109898438120838],[0.20824745372806946,-0.6251332484475141,0.6850344053224611,1.391492073854848,0.2767450978364187,0.07918803560007703,0.0010275630903356899],[0.0],[0.0,0.0]]}}
{"msg_id":"error_code","data":{"code":["16000000","12000000","12000000","13000000"],"timestamp":1747102481.0385098}}
{"msg_id":"on_ota_update","data":{}}
{"msg_id":"joint_position","data":{"pos":[[0.0,0.0,0.0],[0.16399584486377827,-0.6537878210724237,0.4897999916300044,0.0],[-0.911583067661251,-0.6412146006530086,-0.769219360980188,0.8247528687673668,-0.442559965918958,-0.04020389196127495,-0.4866013577649416],[0.009109898438120838],[0.20824745372806946,-0.6251332484475141,0.6850344053224611,1.391492073854848,0.2767450978364187,0.07918803560007703,0.0010275630903356899],[0.0],[0.0,0.0]]}}
{"msg_id":"error_code","data":{"code":["16000000","12000000","12000000","13000000"],"timestamp":1747102481.1397717}}
{"msg_id":"on_ota_update","data":{}}
{"msg_id":"joint_position","data":{"pos":[[0.0,0.0,0.0],[0.16399584486377827,-0.6537878210724237,0.4897999916300044,0.0],[-0.911583067661251,-0.6412146006530086,-0.769219360980188,0.8247528687673668,-0.442559965918958,-0.04020389196127495,-0.4866013577649416],[0.009109898438120838],[0.20824745372806946,-0.6251332484475141,0.6850344053224611,1.391492073854848,0.2767450978364187,0.07918803560007703,0.0010275630903356899],[0.0],[0.0,0.0]]}}
{"msg_id":"error_code","data":{"code":["16000000","12000000","12000000","13000000"],"timestamp":1747102481.240582}}
{"msg_id":"on_ota_update","data":{}}
{"msg_id":"joint_position","data":{"pos":[[0.0,0.0,0.0],[0.16399584486377827,-0.6537878210724237,0.4897999916300044,0.0],[-0.911583067661251,-0.6412146006530086,-0.769219360980188,0.8247528687673668,-0.442559965918958,-0.04020389196127495,-0.4866013577649416],[0.009109898438120838],[0.20824745372806946,-0.6251332484475141,0.6850344053224611,1.391492073854848,0.2767450978364187,0.07918803560007703,0.0010275630903356899],[0.0],[0.0,0.0]]}}
{"msg_id":"error_code","data":{"code":["16000000","12000000","12000000","13000000"],"timestamp":1747102481.3410027}}
{"msg_id":"on_ota_update","data":{}}
{"msg_id":"joint_position","data":{"pos":[[0.0,0.0,0.0],[0.16399584486377827,-0.6537878210724237,0.4897999916300044,0.0],[-0.911583067661251,-0.6412146006530086,-0.769219360980188,0.8247528687673668,-0.442559965918958,-0.04020389196127495,-0.4866013577649416],[0.009109898438120838],[0.20824745372806946,-0.6251332484475141,0.6850344053224611,1.391492073854848,0.2767450978364187,0.07918803560007703,0.0010275630903356899],[0.0],[0.0,0.0]]}}
{"msg_id":"error_code","data":{"code":["16000000","12000000","12000000","13000000"],"timestamp":1747102481.4420083}}
{"msg_id":"on_ota_update","data":{}}
{"msg_id":"joint_position","data":{"pos":[[0.0,0.0,0.0],[0.16399584486377827,-0.6537878210724237,0.4897999916300044,0.0],[-0.911583067661251,-0.6412146006530086,-0.769219360980188,0.8247528687673668,-0.442559965918958,-0.04020389196127495,-0.4866013577649416],[0.009109898438120838],[0.20824745372806946,-0.6251332484475141,0.6850344053224611,1.391492073854848,0.2767450978364187,0.07918803560007703,0.0010275630903356899],[0.0],[0.0,0.0]]}}
{"msg_id":"error_code","data":{"code":["16000000","12000000","12000000","13000000"],"timestamp":1747102481.542794}}
{"msg_id":"on_ota_update","data":{}}
{"msg_id":"joint_position","data":{"pos":[[0.0,0.0,0.0],[0.16399584486377827,-0.6537878210724237,0.4897999916300044,0.0],[-0.911583067661251,-0.6412146006530086,-0.769219360980188,0.8247528687673668,-0.442559965918958,-0.04020389196127495,-0.4866013577649416],[0.009109898438120838],[0.20824745372806946,-0.6251332484475141,0.6850344053224611,1.391492073854848,0.2767450978364187,0.07918803560007703,0.0010275630903356899],[0.0],[0.0,0.0]]}}
{"msg_id":"error_code","data":{"code":["16000000","12000000","12000000","13000000"],"timestamp":1747102481.6437192}}
{"msg_id":"on_ota_update","data":{}}
{"msg_id":"joint_position","data":{"pos":[[0.0,0.0,0.0],[0.16399584486377827,-0.6537878210724237,0.4897999916300044,0.0],[-0.911583067661251,-0.6412146006530086,-0.769219360980188,0.8247528687673668,-0.442559965918958,-0.04020389196127495,-0.4866013577649416],[0.009109898438120838],[0.20824745372806946,-0.6251332484475141,0.6850344053224611,1.391492073854848,0.2767450978364187,0.07918803560007703,0.0010275630903356899],[0.0],[0.0,0.0]]}}
{"msg_id":"error_code","data":{"code":["16000000","12000000","12000000","13000000"],"timestamp":1747102481.7444348}}
{"msg_id":"on_ota_update","data":{}}
{"msg_id":"joint_position","data":{"pos":[[0.0,0.0,0.0],[0.16399584486377827,-0.6537878210724237,0.4897999916300044,0.0],[-0.911583067661251,-0.6412146006530086,-0.769219360980188,0.8247528687673668,-0.442559965918958,-0.04020389196127495,-0.4866013577649416],[0.009109898438120838],[0.20824745372806946,-0.6251332484475141,0.6850344053224611,1.391492073854848,0.2767450978364187,0.07918803560007703,0.0010275630903356899],[0.0],[0.0,0.0]]}}
{"msg_id":"error_code","data":{"code":["16000000","12000000","12000000","13000000"],"timestamp":1747102481.845333}}
{"msg_id":"on_ota_update","data":{}}
{"msg_id":"joint_position","data":{"pos":[[0.0,0.0,0.0],[0.16399584486377827,-0.6537878210724237,0.4897999916300044,0.0],[-0.911583067661251,-0.6412146006530086,-0.769219360980188,0.8247528687673668,-0.442559965918958,-0.04020389196127495,-0.4866013577649416],[0.009109898438120838],[0.20824745372806946,-0.6251332484475141,0.6850344053224611,1.391492073854848,0.2767450978364187,0.07918803560007703,0.0010275630903356899],[0.0],[0.0,0.0]]}}
{"msg_id":"error_code","data":{"code":["16000000","12000000","12000000","13000000"],"timestamp":1747102481.9455664}}
{"msg_id":"on_ota_update","data":{}}
{"msg_id":"joint_position","data":{"pos":[[0.0,0.0,0.0],[0.16399584486377827,-0.6537878210724237,0.4897999916300044,0.0],[-0.911583067661251,-0.6412146006530086,-0.769219360980188,0.8247528687673668,-0.442559965918958,-0.04020389196127495,-0.4866013577649416],[0.009109898438120838],[0.20824745372806946,-0.6251332484475141,0.6850344053224611,1.391492073854848,0.2767450978364187,0.07918803560007703,0.0010275630903356899],[0.0],[0.0,0.0]]}}
{"msg_id":"error_code","data":{"code":["16000000","12000000","12000000","13000000"],"timestamp":1747102482.0468926}}
{"msg_id":"on_ota_update","data":{}}
{"msg_id":"joint_position","data":{"pos":[[0.0,0.0,0.0],[0.16399584486377827,-0.6537878210724237,0.4897999916300044,0.0],[-0.911583067661251,-0.6412146006530086,-0.769219360980188,0.8247528687673668,-0.442559965918958,-0.04020389196127495,-0.4866013577649416],[0.009109898438120838],[0.20824745372806946,-0.6251332484475141,0.6850344053224611,1.391492073854848,0.2767450978364187,0.07918803560007703,0.0010275630903356899],[0.0],[0.0,0.0]]}}
{"msg_id":"error_code","data":{"code":["16000000","12000000","12000000","13000000"],"timestamp":1747102482.1473405}}
{"msg_id":"on_ota_update","data":{}}
{"msg_id":"joint_position","data":{"pos":[[0.0,0.0,0.0],[0.16399584486377827,-0.6537878210724237,0.4897999916300044,0.0],[-0.911583067661251,-0.6412146006530086,-0.769219360980188,0.8247528687673668,-0.442559965918958,-0.04020389196127495,-0.4866013577649416],[0.009109898438120838],[0.20824745372806946,-0.6251332484475141,0.6850344053224611,1.391492073854848,0.2767450978364187,0.07918803560007703,0.0010275630903356899],[0.0],[0.0,0.0]]}}
{"msg_id":"error_code","data":{"code":["16000000","12000000","12000000","13000000"],"timestamp":1747102482.2479177}}
{"msg_id":"on_ota_update","data":{}}
{"msg_id":"joint_position","data":{"pos":[[0.0,0.0,0.0],[0.16399584486377827,-0.6537878210724237,0.4897999916300044,0.0],[-0.911583067661251,-0.6412146006530086,-0.769219360980188,0.8247528687673668,-0.442559965918958,-0.04020389196127495,-0.4866013577649416],[0.009109898438120838],[0.20824745372806946,-0.6251332484475141,0.6850344053224611,1.391492073854848,0.2767450978364187,0.07918803560007703,0.0010275630903356899],[0.0],[0.0,0.0]]}}
{"msg_id":"error_code","data":{"code":["16000000","12000000","12000000","13000000"],"timestamp":1747102482.3483715}}
{"msg_id":"on_ota_update","data":{}}
{"msg_id":"joint_position","data":{"pos":[[0.0,0.0,0.0],[0.16399584486377827,-0.6537878210724237,0.4897999916300044,0.0],[-0.911583067661251,-0.6412146006530086,-0.769219360980188,0.8247528687673668,-0.442559965918958,-0.04020389196127495,-0.4866013577649416],[0.009109898438120838],[0.20824745372806946,-0.6251332484475141,0.6850344053224611,1.391492073854848,0.2767450978364187,0.07918803560007703,0.0010275630903356899],[0.0],[0.0,0.0]]}}
{"msg_id":"error_code","data":{"code":["16000000","12000000","12000000","13000000"],"timestamp":1747102482.4489782}}
{"msg_id":"on_ota_update","data":{}}
{"msg_id":"joint_position","data":{"pos":[[0.0,0.0,0.0],[0.16399584486377827,-0.6537878210724237,0.4897999916300044,0.0],[-0.911583067661251,-0.6412146006530086,-0.769219360980188,0.8247528687673668,-0.442559965918958,-0.04020389196127495,-0.4866013577649416],[0.009109898438120838],[0.20824745372806946,-0.6251332484475141,0.6850344053224611,1.391492073854848,0.2767450978364187,0.07918803560007703,0.0010275630903356899],[0.0],[0.0,0.0]]}}
{"msg_id":"error_code","data":{"code":["16000000","12000000","12000000","13000000"],"timestamp":1747102482.549002}}
{"msg_id":"on_ota_update","data":{}}
{"msg_id":"joint_position","data":{"pos":[[0.0,0.0,0.0],[0.16399584486377827,-0.6537878210724237,0.4897999916300044,0.0],[-0.911583067661251,-0.6412146006530086,-0.769219360980188,0.8247528687673668,-0.442559965918958,-0.04020389196127495,-0.4866013577649416],[0.009109898438120838],[0.20824745372806946,-0.6251332484475141,0.6850344053224611,1.391492073854848,0.2767450978364187,0.07918803560007703,0.0010275630903356899],[0.0],[0.0,0.0]]}}
{"msg_id":"error_code","data":{"code":["16000000","12000000","12000000","13000000"],"timestamp":1747102482.6499918}}
{"msg_id":"on_ota_update","data":{}}
{"msg_id":"joint_position","data":{"pos":[[0.0,0.0,0.0],[0.16399584486377827,-0.6537878210724237,0.4897999916300044,0.0],[-0.911583067661251,-0.6412146006530086,-0.769219360980188,0.8247528687673668,-0.442559965918958,-0.04020389196127495,-0.4866013577649416],[0.009109898438120838],[0.20824745372806946,-0.6251332484475141,0.6850344053224611,1.391492073854848,0.2767450978364187,0.07918803560007703,0.0010275630903356899],[0.0],[0.0,0.0]]}}
{"msg_id":"error_code","data":{"code":["16000000","12000000","12000000","13000000"],"timestamp":1747102482.750476}}
{"msg_id":"on_ota_update","data":{}}
{"msg_id":"joint_position","data":{"pos":[[0.0,0.0,0.0],[0.16399584486377827,-0.6537878210724237,0.4897999916300044,0.0],[-0.911583067661251,-0.6412146006530086,-0.769219360980188,0.8247528687673668,-0.442559965918958,-0.04020389196127495,-0.4866013577649416],[0.009109898438120838],[0.20824745372806946,-0.6251332484475141,0.6850344053224611,1.391492073854848,0.2767450978364187,0.07918803560007703,0.0010275630903356899],[0.0],[0.0,0.0]]}}
{"msg_id":"error_code","data":{"code":["16000000","12000000","12000000","13000000"],"timestamp":1747102482.851139}}
{"msg_id":"on_ota_update","data":{}}
{"msg_id":"joint_position","data":{"pos":[[0.0,0.0,0.0],[0.16399584486377827,-0.6537878210724237,0.4897999916300044,0.0],[-0.911583067661251,-0.6412146006530086,-0.769219360980188,0.8247528687673668,-0.442559965918958,-0.04020389196127495,-0.4866013577649416],[0.009109898438120838],[0.20824745372806946,-0.6251332484475141,0.6850344053224611,1.391492073854848,0.2767450978364187,0.07918803560007703,0.0010275630903356899],[0.0],[0.0,0.0]]}}
{"msg_id":"error_code","data":{"code":["16000000","12000000","12000000","13000000"],"timestamp":1747102482.9521239}}
{"msg_id":"on_ota_update","data":{}}
{"msg_id":"joint_position","data":{"pos":[[0.0,0.0,0.0],[0.16399584486377827,-0.6537878210724237,0.4897999916300044,0.0],[-0.911583067661251,-0.6412146006530086,-0.769219360980188,0.8247528687673668,-0.442559965918958,-0.04020389196127495,-0.4866013577649416],[0.009109898438120838],[0.20824745372806946,-0.6251332484475141,0.6850344053224611,1.391492073854848,0.2767450978364187,0.07918803560007703,0.0010275630903356899],[0.0],[0.0,0.0]]}}
{"msg_id":"error_code","data":{"code":["16000000","12000000","12000000","13000000"],"timestamp":1747102483.0523505}}
{"msg_id":"on_ota_update","data":{}}
{"msg_id":"joint_position","data":{"pos":[[0.0,0.0,0.0],[0.16399584486377827,-0.6537878210724237,0.4897999916300044,0.0],[-0.911583067661251,-0.6412146006530086,-0.769219360980188,0.8247528687673668,-0.442559965918958,-0.04020389196127495,-0.4866013577649416],[0.009109898438120838],[0.20824745372806946,-0.6251332484475141,0.6850344053224611,1.391492073854848,0.2767450978364187,0.07918803560007703,0.0010275630903356899],[0.0],[0.0,0.0]]}}
{"msg_id":"error_code","data":{"code":["16000000","12000000","12000000","13000000"],"timestamp":1747102483.152889}}
{"msg_id":"on_ota_update","data":{}}
{"msg_id":"joint_position","data":{"pos":[[0.0,0.0,0.0],[0.16399584486377827,-0.6537878210724237,0.4897999916300044,0.0],[-0.911583067661251,-0.6412146006530086,-0.769219360980188,0.8247528687673668,-0.442559965918958,-0.04020389196127495,-0.4866013577649416],[0.009109898438120838],[0.20824745372806946,-0.6251332484475141,0.6850344053224611,1.391492073854848,0.2767450978364187,0.07918803560007703,0.0010275630903356899],[0.0],[0.0,0.0]]}}
{"msg_id":"error_code","data":{"code":["16000000","12000000","12000000","13000000"],"timestamp":1747102483.2539763}}
{"msg_id":"on_ota_update","data":{}}
{"msg_id":"joint_position","data":{"pos":[[0.0,0.0,0.0],[0.16399584486377827,-0.6537878210724237,0.4897999916300044,0.0],[-0.911583067661251,-0.6412146006530086,-0.769219360980188,0.8247528687673668,-0.442559965918958,-0.04020389196127495,-0.4866013577649416],[0.009109898438120838],[0.20824745372806946,-0.6251332484475141,0.6850344053224611,1.391492073854848,0.2767450978364187,0.07918803560007703,0.0010275630903356899],[0.0],[0.0,0.0]]}}
{"msg_id":"error_code","data":{"code":["16000000","12000000","12000000","13000000"],"timestamp":1747102483.3546646}}
{"msg_id":"on_ota_update","data":{}}
{"msg_id":"joint_position","data":{"pos":[[0.0,0.0,0.0],[0.16399584486377827,-0.6537878210724237,0.4897999916300044,0.0],[-0.911583067661251,-0.6412146006530086,-0.769219360980188,0.8247528687673668,-0.442559965918958,-0.04020389196127495,-0.4866013577649416],[0.009109898438120838],[0.20824745372806946,-0.6251332484475141,0.6850344053224611,1.391492073854848,0.2767450978364187,0.07918803560007703,0.0010275630903356899],[0.0],[0.0,0.0]]}}
{"msg_id":"error_code","data":{"code":["16000000","12000000","12000000","13000000"],"timestamp":1747102483.45552}}
{"msg_id":"on_ota_update","data":{}}
{"msg_id":"joint_position","data":{"pos":[[0.0,0.0,0.0],[0.16399584486377827,-0.6537878210724237,0.4897999916300044,0.0],[-0.911583067661251,-0.6412146006530086,-0.769219360980188,0.8247528687673668,-0.442559965918958,-0.04020389196127495,-0.4866013577649416],[0.009109898438120838],[0.20824745372806946,-0.6251332484475141,0.6850344053224611,1.391492073854848,0.2767450978364187,0.07918803560007703,0.0010275630903356899],[0.0],[0.0,0.0]]}}
{"msg_id":"error_code","data":{"code":["16000000","12000000","12000000","13000000"],"timestamp":1747102483.5562866}}
{"msg_id":"on_ota_update","data":{}}
{"msg_id":"joint_position","data":{"pos":[[0.0,0.0,0.0],[0.16399584486377827,-0.6537878210724237,0.4897999916300044,0.0],[-0.911583067661251,-0.6412146006530086,-0.769219360980188,0.8247528687673668,-0.442559965918958,-0.04020389196127495,-0.4866013577649416],[0.009109898438120838],[0.20824745372806946,-0.6251332484475141,0.6850344053224611,1.391492073854848,0.2767450978364187,0.07918803560007703,0.0010275630903356899],[0.0],[0.0,0.0]]}}
{"msg_id":"error_code","data":{"code":["16000000","12000000","12000000","13000000"],"timestamp":1747102483.6571038}}
{"msg_id":"on_ota_update","data":{}}
{"msg_id":"joint_position","data":{"pos":[[0.0,0.0,0.0],[0.16399584486377827,-0.6537878210724237,0.4897999916300044,0.0],[-0.911583067661251,-0.6412146006530086,-0.769219360980188,0.8247528687673668,-0.442559965918958,-0.04020389196127495,-0.4866013577649416],[0.009109898438120838],[0.20824745372806946,-0.6251332484475141,0.6850344053224611,1.391492073854848,0.2767450978364187,0.07918803560007703,0.0010275630903356899],[0.0],[0.0,0.0]]}}
{"msg_id":"error_code","data":{"code":["16000000","12000000","12000000","13000000"],"timestamp":1747102483.7581253}}
{"msg_id":"on_ota_update","data":{}}
{"msg_id":"joint_position","data":{"pos":[[0.0,0.0,0.0],[0.16399584486377827,-0.6537878210724237,0.4897999916300044,0.0],[-0.911583067661251,-0.6412146006530086,-0.769219360980188,0.8247528687673668,-0.442559965918958,-0.04020389196127495,-0.4866013577649416],[0.009109898438120838],[0.20824745372806946,-0.6251332484475141,0.6850344053224611,1.391492073854848,0.2767450978364187,0.07918803560007703,0.0010275630903356899],[0.0],[0.0,0.0]]}}
{"msg_id":"error_code","data":{"code":["16000000","12000000","12000000","13000000"],"timestamp":1747102483.8590343}}
{"msg_id":"on_ota_update","data":{}}
{"msg_id":"joint_position","data":{"pos":[[0.0,0.0,0.0],[0.16399584486377827,-0.6537878210724237,0.4897999916300044,0.0],[-0.911583067661251,-0.6412146006530086,-0.769219360980188,0.8247528687673668,-0.442559965918958,-0.04020389196127495,-0.4866013577649416],[0.009109898438120838],[0.20824745372806946,-0.6251332484475141,0.6850344053224611,1.391492073854848,0.2767450978364187,0.07918803560007703,0.0010275630903356899],[0.0],[0.0,0.0]]}}
{"msg_id":"error_code","data":{"code":["16000000","12000000","12000000","13000000"],"timestamp":1747102483.9599972}}
{"msg_id":"on_ota_update","data":{}}
{"msg_id":"joint_position","data":{"pos":[[0.0,0.0,0.0],[0.16399584486377827,-0.6537878210724237,0.4897999916300044,0.0],[-0.911583067661251,-0.6412146006530086,-0.769219360980188,0.8247528687673668,-0.442559965918958,-0.04020389196127495,-0.4866013577649416],[0.009109898438120838],[0.20824745372806946,-0.6251332484475141,0.6850344053224611,1.391492073854848,0.2767450978364187,0.07918803560007703,0.0010275630903356899],[0.0],[0.0,0.0]]}}
{"msg_id":"error_code","data":{"code":["16000000","12000000","12000000","13000000"],"timestamp":1747102484.0610902}}
{"msg_id":"on_ota_update","data":{}}
{"msg_id":"joint_position","data":{"pos":[[0.0,0.0,0.0],[0.16399584486377827,-0.6537878210724237,0.4897999916300044,0.0],[-0.911583067661251,-0.6412146006530086,-0.769219360980188,0.8247528687673668,-0.442559965918958,-0.04020389196127495,-0.4866013577649416],[0.009109898438120838],[0.20824745372806946,-0.6251332484475141,0.6850344053224611,1.391492073854848,0.2767450978364187,0.07918803560007703,0.0010275630903356899],[0.0],[0.0,0.0]]}}
{"msg_id":"error_code","data":{"code":["16000000","12000000","12000000","13000000"],"timestamp":1747102484.1612256}}
{"msg_id":"on_ota_update","data":{}}
{"msg_id":"joint_position","data":{"pos":[[0.0,0.0,0.0],[0.16399584486377827,-0.6537878210724237,0.4897999916300044,0.0],[-0.911583067661251,-0.6412146006530086,-0.769219360980188,0.8247528687673668,-0.442559965918958,-0.04020389196127495,-0.4866013577649416],[0.009109898438120838],[0.20824745372806946,-0.6251332484475141,0.6850344053224611,1.391492073854848,0.2767450978364187,0.07918803560007703,0.0010275630903356899],[0.0],[0.0,0.0]]}}
{"msg_id":"error_code","data":{"code":["16000000","12000000","12000000","13000000"],"timestamp":1747102484.2619438}}
{"msg_id":"on_ota_update","data":{}}
{"msg_id":"joint_position","data":{"pos":[[0.0,0.0,0.0],[0.16399584486377827,-0.6537878210724237,0.4897999916300044,0.0],[-0.911583067661251,-0.6412146006530086,-0.769219360980188,0.8247528687673668,-0.442559965918958,-0.04020389196127495,-0.4866013577649416],[0.009109898438120838],[0.20824745372806946,-0.6251332484475141,0.6850344053224611,1.391492073854848,0.2767450978364187,0.07918803560007703,0.0010275630903356899],[0.0],[0.0,0.0]]}}
{"msg_id":"error_code","data":{"code":["16000000","12000000","12000000","13000000"],"timestamp":1747102484.3628602}}
{"msg_id":"on_ota_update","data":{}}
{"msg_id":"joint_position","data":{"pos":[[0.0,0.0,0.0],[0.16399584486377827,-0.6537878210724237,0.4897999916300044,0.0],[-0.911583067661251,-0.6412146006530086,-0.769219360980188,0.8247528687673668,-0.442559965918958,-0.04020389196127495,-0.4866013577649416],[0.009109898438120838],[0.20824745372806946,-0.6251332484475141,0.6850344053224611,1.391492073854848,0.2767450978364187,0.07918803560007703,0.0010275630903356899],[0.0],[0.0,0.0]]}}